"tx","ty","tz","r","g","b"
"0.466607","0.937548","-0.0615","0.888","0","0"
"0.466824","0.92771","-0.0615","0.888","0","0"
"0.46704","0.917873","-0.0615","0.888","0","0"
"0.467255","0.908035","-0.0615","0.888","0","0"
"0.46747","0.898197","-0.0615","0.888","0","0"
"0.467683","0.88836","-0.0615","0.888","0","0"
"0.467897","0.878522","-0.0615","0.888","0","0"
"0.46811","0.868684","-0.0615","0.888","0","0"
"0.468322","0.858847","-0.0615","0.888","0","0"
"0.468535","0.849009","-0.0615","0.888","0","0"
"0.468747","0.839171","-0.0615","0.888","0","0"
"0.468959","0.829333","-0.0615","0.888","0","0"
"0.46917","0.819496","-0.0615","0.888","0","0"
"0.469382","0.809658","-0.0615","0.888","0","0"
"0.469593","0.79982","-0.0615","0.888","0","0"
"0.469805","0.789983","-0.0615","0.888","0","0"
"0.470016","0.780145","-0.0615","0.888","0","0"
"0.470226","0.770307","-0.0615","0.888","0","0"
"0.470436","0.760469","-0.0615","0.888","0","0"
"0.470646","0.750632","-0.0615","0.888","0","0"
"0.470856","0.740794","-0.0615","0.888","0","0"
"0.471066","0.730956","-0.0615","0.888","0","0"
"0.471276","0.721118","-0.0615","0.888","0","0"
"0.471486","0.71128","-0.0615","0.888","0","0"
"0.471696","0.701443","-0.0615","0.888","0","0"
"0.471906","0.691605","-0.0615","0.888","0","0"
"0.472116","0.681767","-0.0615","0.888","0","0"
"0.472326","0.671929","-0.0615","0.888","0","0"
"0.472535","0.662092","-0.0615","0.888","0","0"
"0.472745","0.652254","-0.0615","0.888","0","0"
"0.472955","0.642416","-0.0615","0.888","0","0"
"0.473164","0.632578","-0.0615","0.888","0","0"
"0.473374","0.622741","-0.0615","0.888","0","0"
"0.473584","0.612903","-0.0615","0.888","0","0"
"0.473793","0.603065","-0.0615","0.888","0","0"
"0.474003","0.593227","-0.0615","0.888","0","0"
"0.474212","0.58339","-0.0615","0.888","0","0"
"0.474422","0.573552","-0.0615","0.888","0","0"
"0.474631","0.563714","-0.0615","0.888","0","0"
"0.474841","0.553876","-0.0615","0.888","0","0"
"0.47505","0.544038","-0.0615","0.888","0","0"
"0.47526","0.534201","-0.0615","0.888","0","0"
"0.475469","0.524363","-0.0615","0.888","0","0"
"0.475678","0.514525","-0.0615","0.888","0","0"
"0.475888","0.504687","-0.0615","0.888","0","0"
"0.476097","0.49485","-0.0615","0.888","0","0"
"0.476306","0.485012","-0.0615","0.888","0","0"
"0.476515","0.475174","-0.0615","0.888","0","0"
"0.476725","0.465336","-0.0615","0.888","0","0"
"0.476934","0.455498","-0.0615","0.888","0","0"
"0.477143","0.445661","-0.0615","0.888","0","0"
"0.477352","0.435823","-0.0615","0.888","0","0"
"0.477561","0.425985","-0.0615","0.888","0","0"
"0.47777","0.416147","-0.0615","0.888","0","0"
"0.477979","0.40631","-0.0615","0.888","0","0"
"0.478188","0.396472","-0.0615","0.888","0","0"
"0.478397","0.386634","-0.0615","0.888","0","0"
"0.478606","0.376796","-0.0615","0.888","0","0"
"0.478815","0.366958","-0.0615","0.888","0","0"
"0.479024","0.357121","-0.0615","0.888","0","0"
"0.479233","0.347283","-0.0615","0.888","0","0"
"0.479442","0.337445","-0.0615","0.888","0","0"
"0.479651","0.327607","-0.0615","0.888","0","0"
"0.47986","0.31777","-0.0615","0.888","0","0"
"0.480069","0.307932","-0.0615","0.888","0","0"
"0.480278","0.298094","-0.0615","0.888","0","0"
"0.480487","0.288256","-0.0615","0.888","0","0"
"0.480696","0.278418","-0.0615","0.888","0","0"
"0.480905","0.268581","-0.0615","0.888","0","0"
"0.481114","0.258743","-0.0615","0.888","0","0"
"0.481323","0.248905","-0.0615","0.888","0","0"
"0.481532","0.239067","-0.0615","0.888","0","0"
"0.481741","0.229229","-0.0615","0.888","0","0"
"0.48195","0.219392","-0.0615","0.888","0","0"
"0.482159","0.209554","-0.0615","0.888","0","0"
"0.482368","0.199716","-0.0615","0.888","0","0"
"0.482577","0.189878","-0.0615","0.888","0","0"
"0.482786","0.180041","-0.0615","0.888","0","0"
"0.482995","0.170203","-0.0615","0.888","0","0"
"0.483204","0.160365","-0.0615","0.888","0","0"
"0.483413","0.150527","-0.0615","0.888","0","0"
"0.483622","0.140689","-0.0615","0.888","0","0"
"0.483832","0.130852","-0.0615","0.888","0","0"
"0.484041","0.121014","-0.0615","0.888","0","0"
"0.48425","0.111176","-0.0615","0.888","0","0"
"0.484459","0.101338","-0.0615","0.888","0","0"
"0.484669","0.0915005","-0.0615","0.888","0","0"
"0.484878","0.0816627","-0.0615","0.888","0","0"
"0.485088","0.0718249","-0.0615","0.888","0","0"
"0.485297","0.0619871","-0.0615","0.888","0","0"
"0.485507","0.0521493","-0.0615","0.888","0","0"
"0.485717","0.0423115","-0.0615","0.888","0","0"
"0.485927","0.0324738","-0.0615","0.888","0","0"
"0.236724","0.960983","0","0.516667","0","1"
"0.238242","0.951332","0","0.516667","0","1"
"0.238474","0.941496","0","0.516667","0","1"
"0.238583","0.931657","0","0.516667","0","1"
"0.238658","0.921817","0","0.516667","0","1"
"0.238764","0.911977","0","0.516667","0","1"
"0.238941","0.902139","0","0.516667","0","1"
"0.239206","0.892303","0","0.516667","0","1"
"0.239815","0.882485","0","0.516667","0","1"
"0.24127","0.87276","0","0.516667","0","1"
"0.247955","0.866396","0","0.516667","0","1"
"0.257336","0.863479","0","0.516667","0","1"
"0.266925","0.861276","0","0.516667","0","1"
"0.276537","0.859172","0","0.516667","0","1"
"0.285807","0.855973","0","0.516667","0","1"
"0.287888","0.846728","0","0.516667","0","1"
"0.288523","0.836909","0","0.516667","0","1"
"0.288825","0.827074","0","0.516667","0","1"
"0.289024","0.817236","0","0.516667","0","1"
"0.289185","0.807397","0","0.516667","0","1"
"0.289315","0.797558","0","0.516667","0","1"
"0.289408","0.787718","0","0.516667","0","1"
"0.289478","0.777879","0","0.516667","0","1"
"0.289546","0.768039","0","0.516667","0","1"
"0.289617","0.758199","0","0.516667","0","1"
"0.289705","0.74836","0","0.516667","0","1"
"0.289909","0.738522","0","0.516667","0","1"
"0.292183","0.730458","0","0.516667","0","1"
"0.302018","0.73018","0","0.516667","0","1"
"0.311858","0.730061","0","0.516667","0","1"
"0.321697","0.730001","0","0.516667","0","1"
"0.331537","0.729997","0","0.516667","0","1"
"0.341377","0.730027","0","0.516667","0","1"
"0.351217","0.730062","0","0.516667","0","1"
"0.361057","0.730102","0","0.516667","0","1"
"0.370897","0.730145","0","0.516667","0","1"
"0.380737","0.730192","0","0.516667","0","1"
"0.390577","0.730241","0","0.516667","0","1"
"0.400417","0.730293","0","0.516667","0","1"
"0.410257","0.730346","0","0.516667","0","1"
"0.420096","0.730397","0","0.516667","0","1"
"0.429936","0.730444","0","0.516667","0","1"
"0.439776","0.730489","0","0.516667","0","1"
"0.449616","0.730529","0","0.516667","0","1"
"0.459456","0.730566","0","0.516667","0","1"
"0.469296","0.730597","0","0.516667","0","1"
"0.479136","0.730622","0","0.516667","0","1"
"0.488976","0.730619","0","0.516667","0","1"
"0.498816","0.730554","0","0.516667","0","1"
"0.508655","0.730432","0","0.516667","0","1"
"0.518492","0.730182","0","0.516667","0","1"
"0.522898","0.724128","0","0.516667","0","1"
"0.523422","0.714302","0","0.516667","0","1"
"0.523851","0.704471","0","0.516667","0","1"
"0.524233","0.694638","0","0.516667","0","1"
"0.52458","0.684805","0","0.516667","0","1"
"0.524907","0.67497","0","0.516667","0","1"
"0.525182","0.665134","0","0.516667","0","1"
"0.525441","0.655297","0","0.516667","0","1"
"0.525696","0.645461","0","0.516667","0","1"
"0.525945","0.635624","0","0.516667","0","1"
"0.526191","0.625787","0","0.516667","0","1"
"0.526432","0.61595","0","0.516667","0","1"
"0.52667","0.606113","0","0.516667","0","1"
"0.526904","0.596275","0","0.516667","0","1"
"0.527135","0.586438","0","0.516667","0","1"
"0.527362","0.576601","0","0.516667","0","1"
"0.527587","0.566763","0","0.516667","0","1"
"0.527808","0.556926","0","0.516667","0","1"
"0.528023","0.547088","0","0.516667","0","1"
"0.528223","0.53725","0","0.516667","0","1"
"0.528421","0.527412","0","0.516667","0","1"
"0.528616","0.517574","0","0.516667","0","1"
"0.52881","0.507736","0","0.516667","0","1"
"0.529001","0.497898","0","0.516667","0","1"
"0.529189","0.48806","0","0.516667","0","1"
"0.529375","0.478221","0","0.516667","0","1"
"0.529559","0.468383","0","0.516667","0","1"
"0.529739","0.458545","0","0.516667","0","1"
"0.529917","0.448706","0","0.516667","0","1"
"0.530091","0.438868","0","0.516667","0","1"
"0.530263","0.429029","0","0.516667","0","1"
"0.530413","0.419191","0","0.516667","0","1"
"0.530546","0.409351","0","0.516667","0","1"
"0.530667","0.399512","0","0.516667","0","1"
"0.530771","0.389673","0","0.516667","0","1"
"0.530845","0.379833","0","0.516667","0","1"
"0.530842","0.369993","0","0.516667","0","1"
"0.521849","0.368667","0","0.516667","0","1"
"0.512016","0.368297","0","0.516667","0","1"
"0.502181","0.367984","0","0.516667","0","1"
"0.492345","0.367708","0","0.516667","0","1"
"0.482507","0.367488","0","0.516667","0","1"
"0.47267","0.367276","0","0.516667","0","1"
"0.462832","0.367073","0","0.516667","0","1"
"0.452994","0.366877","0","0.516667","0","1"
"0.443156","0.366688","0","0.516667","0","1"
"0.433317","0.366507","0","0.516667","0","1"
"0.423479","0.366332","0","0.516667","0","1"
"0.41364","0.366163","0","0.516667","0","1"
"0.403801","0.36603","0","0.516667","0","1"
"0.393962","0.365907","0","0.516667","0","1"
"0.384123","0.365793","0","0.516667","0","1"
"0.374283","0.365687","0","0.516667","0","1"
"0.364444","0.365594","0","0.516667","0","1"
"0.354604","0.36551","0","0.516667","0","1"
"0.344764","0.365439","0","0.516667","0","1"
"0.334924","0.365382","0","0.516667","0","1"
"0.325085","0.365409","0","0.516667","0","1"
"0.315245","0.36552","0","0.516667","0","1"
"0.305408","0.365731","0","0.516667","0","1"
"0.295579","0.366191","0","0.516667","0","1"
"0.293162","0.374294","0","0.516667","0","1"
"0.292723","0.384124","0","0.516667","0","1"
"0.292385","0.393959","0","0.516667","0","1"
"0.292098","0.403794","0","0.516667","0","1"
"0.291847","0.413631","0","0.516667","0","1"
"0.29162","0.423469","0","0.516667","0","1"
"0.291463","0.433307","0","0.516667","0","1"
"0.291317","0.443146","0","0.516667","0","1"
"0.291178","0.452985","0","0.516667","0","1"
"0.291044","0.462824","0","0.516667","0","1"
"0.290916","0.472663","0","0.516667","0","1"
"0.290792","0.482503","0","0.516667","0","1"
"0.290674","0.492342","0","0.516667","0","1"
"0.290559","0.502181","0","0.516667","0","1"
"0.29045","0.512021","0","0.516667","0","1"
"0.290345","0.52186","0","0.516667","0","1"
"0.290243","0.5317","0","0.516667","0","1"
"0.290146","0.541539","0","0.516667","0","1"
"0.290057","0.551379","0","0.516667","0","1"
"0.289989","0.561218","0","0.516667","0","1"
"0.289925","0.571058","0","0.516667","0","1"
"0.289864","0.580898","0","0.516667","0","1"
"0.289806","0.590738","0","0.516667","0","1"
"0.289752","0.600578","0","0.516667","0","1"
"0.289701","0.610418","0","0.516667","0","1"
"0.289655","0.620257","0","0.516667","0","1"
"0.289612","0.630097","0","0.516667","0","1"
"0.289574","0.639937","0","0.516667","0","1"
"0.289541","0.649777","0","0.516667","0","1"
"0.289512","0.659617","0","0.516667","0","1"
"0.289488","0.669457","0","0.516667","0","1"
"0.289499","0.679297","0","0.516667","0","1"
"0.28954","0.689137","0","0.516667","0","1"
"0.289603","0.698977","0","0.516667","0","1"
"0.289696","0.708816","0","0.516667","0","1"
"0.289841","0.718655","0","0.516667","0","1"
"0.290114","0.728491","0","0.516667","0","1"
"0.0194879","0.813493","-0.0615","0.37","0.486118","1"
"0.0262978","0.806395","-0.0615","0.37","0.486118","1"
"0.0327221","0.798942","-0.0615","0.37","0.486118","1"
"0.0389999","0.791365","-0.0615","0.37","0.486118","1"
"0.0452889","0.783797","-0.0615","0.37","0.486118","1"
"0.0516146","0.77626","-0.0615","0.37","0.486118","1"
"0.0579808","0.768757","-0.0615","0.37","0.486118","1"
"0.0645328","0.761417","-0.0615","0.37","0.486118","1"
"0.0712676","0.754243","-0.0615","0.37","0.486118","1"
"0.0781469","0.747208","-0.0615","0.37","0.486118","1"
"0.0851906","0.740337","-0.0615","0.37","0.486118","1"
"0.0926939","0.733997","-0.0615","0.37","0.486118","1"
"0.100957","0.728662","-0.0615","0.37","0.486118","1"
"0.10986","0.724501","-0.0615","0.37","0.486118","1"
"0.119524","0.723307","-0.0615","0.37","0.486118","1"
"0.129364","0.723349","-0.0615","0.37","0.486118","1"
"0.139204","0.723395","-0.0615","0.37","0.486118","1"
"0.149044","0.723445","-0.0615","0.37","0.486118","1"
"0.158883","0.723497","-0.0615","0.37","0.486118","1"
"0.168723","0.72355","-0.0615","0.37","0.486118","1"
"0.178563","0.723606","-0.0615","0.37","0.486118","1"
"0.188403","0.723664","-0.0615","0.37","0.486118","1"
"0.198243","0.723723","-0.0615","0.37","0.486118","1"
"0.208083","0.723782","-0.0615","0.37","0.486118","1"
"0.217922","0.723841","-0.0615","0.37","0.486118","1"
"0.227762","0.723901","-0.0615","0.37","0.486118","1"
"0.237602","0.723961","-0.0615","0.37","0.486118","1"
"0.247442","0.724021","-0.0615","0.37","0.486118","1"
"0.257282","0.724081","-0.0615","0.37","0.486118","1"
"0.267122","0.724142","-0.0615","0.37","0.486118","1"
"0.276961","0.724203","-0.0615","0.37","0.486118","1"
"0.286801","0.724265","-0.0615","0.37","0.486118","1"
"0.296641","0.724327","-0.0615","0.37","0.486118","1"
"0.306481","0.724389","-0.0615","0.37","0.486118","1"
"0.316321","0.724451","-0.0615","0.37","0.486118","1"
"0.32616","0.724514","-0.0615","0.37","0.486118","1"
"0.336","0.724577","-0.0615","0.37","0.486118","1"
"0.34584","0.724639","-0.0615","0.37","0.486118","1"
"0.35568","0.724702","-0.0615","0.37","0.486118","1"
"0.36552","0.724765","-0.0615","0.37","0.486118","1"
"0.375359","0.724828","-0.0615","0.37","0.486118","1"
"0.385199","0.724892","-0.0615","0.37","0.486118","1"
"0.395039","0.724955","-0.0615","0.37","0.486118","1"
"0.404879","0.725019","-0.0615","0.37","0.486118","1"
"0.414719","0.725083","-0.0615","0.37","0.486118","1"
"0.424558","0.725147","-0.0615","0.37","0.486118","1"
"0.424663","0.715346","-0.0615","0.37","0.486118","1"
"0.42473","0.705506","-0.0615","0.37","0.486118","1"
"0.424798","0.695666","-0.0615","0.37","0.486118","1"
"0.424865","0.685827","-0.0615","0.37","0.486118","1"
"0.424932","0.675987","-0.0615","0.37","0.486118","1"
"0.424999","0.666147","-0.0615","0.37","0.486118","1"
"0.425066","0.656307","-0.0615","0.37","0.486118","1"
"0.425133","0.646468","-0.0615","0.37","0.486118","1"
"0.4252","0.636628","-0.0615","0.37","0.486118","1"
"0.425267","0.626788","-0.0615","0.37","0.486118","1"
"0.425334","0.616948","-0.0615","0.37","0.486118","1"
"0.425401","0.607109","-0.0615","0.37","0.486118","1"
"0.425468","0.597269","-0.0615","0.37","0.486118","1"
"0.425536","0.587429","-0.0615","0.37","0.486118","1"
"0.425603","0.577589","-0.0615","0.37","0.486118","1"
"0.42567","0.567749","-0.0615","0.37","0.486118","1"
"0.425737","0.55791","-0.0615","0.37","0.486118","1"
"0.425804","0.54807","-0.0615","0.37","0.486118","1"
"0.425871","0.53823","-0.0615","0.37","0.486118","1"
"0.425938","0.52839","-0.0615","0.37","0.486118","1"
"0.426005","0.518551","-0.0615","0.37","0.486118","1"
"0.426072","0.508711","-0.0615","0.37","0.486118","1"
"0.426139","0.498871","-0.0615","0.37","0.486118","1"
"0.426206","0.489031","-0.0615","0.37","0.486118","1"
"0.426273","0.479191","-0.0615","0.37","0.486118","1"
"0.426341","0.469352","-0.0615","0.37","0.486118","1"
"0.426408","0.459512","-0.0615","0.37","0.486118","1"
"0.426475","0.449672","-0.0615","0.37","0.486118","1"
"0.426542","0.439832","-0.0615","0.37","0.486118","1"
"0.426609","0.429993","-0.0615","0.37","0.486118","1"
"0.426676","0.420153","-0.0615","0.37","0.486118","1"
"0.426743","0.410313","-0.0615","0.37","0.486118","1"
"0.42681","0.400473","-0.0615","0.37","0.486118","1"
"0.426877","0.390634","-0.0615","0.37","0.486118","1"
"0.426944","0.380794","-0.0615","0.37","0.486118","1"
"0.427011","0.370954","-0.0615","0.37","0.486118","1"
"0.427079","0.361114","-0.0615","0.37","0.486118","1"
"0.427146","0.351274","-0.0615","0.37","0.486118","1"
"0.427213","0.341435","-0.0615","0.37","0.486118","1"
"0.42728","0.331595","-0.0615","0.37","0.486118","1"
"0.427347","0.321755","-0.0615","0.37","0.486118","1"
"0.423332","0.315913","-0.0615","0.37","0.486118","1"
"0.413493","0.315775","-0.0615","0.37","0.486118","1"
"0.403654","0.315637","-0.0615","0.37","0.486118","1"
"0.393815","0.3155","-0.0615","0.37","0.486118","1"
"0.383976","0.315362","-0.0615","0.37","0.486118","1"
"0.374137","0.315224","-0.0615","0.37","0.486118","1"
"0.364298","0.315086","-0.0615","0.37","0.486118","1"
"0.354459","0.314948","-0.0615","0.37","0.486118","1"
"0.34462","0.31481","-0.0615","0.37","0.486118","1"
"0.334781","0.314673","-0.0615","0.37","0.486118","1"
"0.324942","0.314535","-0.0615","0.37","0.486118","1"
"0.315103","0.314397","-0.0615","0.37","0.486118","1"
"0.305263","0.314259","-0.0615","0.37","0.486118","1"
"0.295424","0.314122","-0.0615","0.37","0.486118","1"
"0.285585","0.313984","-0.0615","0.37","0.486118","1"
"0.275746","0.313846","-0.0615","0.37","0.486118","1"
"0.265907","0.313708","-0.0615","0.37","0.486118","1"
"0.256068","0.313571","-0.0615","0.37","0.486118","1"
"0.246229","0.313433","-0.0615","0.37","0.486118","1"
"0.23639","0.313295","-0.0615","0.37","0.486118","1"
"0.226551","0.313158","-0.0615","0.37","0.486118","1"
"0.216712","0.31302","-0.0615","0.37","0.486118","1"
"0.206873","0.312882","-0.0615","0.37","0.486118","1"
"0.197034","0.312745","-0.0615","0.37","0.486118","1"
"0.187195","0.312607","-0.0615","0.37","0.486118","1"
"0.177356","0.31247","-0.0615","0.37","0.486118","1"
"0.167517","0.312333","-0.0615","0.37","0.486118","1"
"0.157678","0.312195","-0.0615","0.37","0.486118","1"
"0.147839","0.312058","-0.0615","0.37","0.486118","1"
"0.138","0.31192","-0.0615","0.37","0.486118","1"
"0.128161","0.311783","-0.0615","0.37","0.486118","1"
"0.118322","0.311646","-0.0615","0.37","0.486118","1"
"0.108483","0.311508","-0.0615","0.37","0.486118","1"
"0.0986437","0.311371","-0.0615","0.37","0.486118","1"
"0.0888047","0.311234","-0.0615","0.37","0.486118","1"
"0.0789656","0.311097","-0.0615","0.37","0.486118","1"
"0.0691265","0.31096","-0.0615","0.37","0.486118","1"
"0.0592875","0.310822","-0.0615","0.37","0.486118","1"
"0.0494485","0.310685","-0.0615","0.37","0.486118","1"
"0.0396094","0.310548","-0.0615","0.37","0.486118","1"
"0.0297704","0.310412","-0.0615","0.37","0.486118","1"
"0.0199313","0.310276","-0.0615","0.37","0.486118","1"
"0.0100923","0.31014","-0.0615","0.37","0.486118","1"
"0.000253201","0.310004","-0.0615","0.37","0.486118","1"
"-0.00958586","0.309868","-0.0615","0.37","0.486118","1"
"-0.0194249","0.309733","-0.0615","0.37","0.486118","1"
"-0.029264","0.309598","-0.0615","0.37","0.486118","1"
"-0.0391032","0.309465","-0.0615","0.37","0.486118","1"
"0.0264624","0.727938","0","0.364706","1","0"
"0.0363005","0.728127","0","0.364706","1","0"
"0.0461385","0.72833","0","0.364706","1","0"
"0.0559763","0.728537","0","0.364706","1","0"
"0.065814","0.728747","0","0.364706","1","0"
"0.0756517","0.728962","0","0.364706","1","0"
"0.0854894","0.729177","0","0.364706","1","0"
"0.095327","0.729393","0","0.364706","1","0"
"0.105165","0.72961","0","0.364706","1","0"
"0.115002","0.729827","0","0.364706","1","0"
"0.12484","0.730044","0","0.364706","1","0"
"0.134677","0.730261","0","0.364706","1","0"
"0.144515","0.730479","0","0.364706","1","0"
"0.154353","0.730697","0","0.364706","1","0"
"0.16419","0.730915","0","0.364706","1","0"
"0.174028","0.731134","0","0.364706","1","0"
"0.183865","0.731352","0","0.364706","1","0"
"0.193703","0.731571","0","0.364706","1","0"
"0.20354","0.73179","0","0.364706","1","0"
"0.213378","0.732008","0","0.364706","1","0"
"0.223216","0.732227","0","0.364706","1","0"
"0.233053","0.732445","0","0.364706","1","0"
"0.242891","0.732663","0","0.364706","1","0"
"0.252728","0.732879","0","0.364706","1","0"
"0.262566","0.733094","0","0.364706","1","0"
"0.272404","0.733305","0","0.364706","1","0"
"0.282173","0.734342","0","0.364706","1","0"
"0.291882","0.735948","0","0.364706","1","0"
"0.301626","0.737237","0","0.364706","1","0"
"0.311466","0.737237","0","0.364706","1","0"
"0.321306","0.737237","0","0.364706","1","0"
"0.331146","0.737237","0","0.364706","1","0"
"0.340986","0.737237","0","0.364706","1","0"
"0.350826","0.737237","0","0.364706","1","0"
"0.360666","0.737237","0","0.364706","1","0"
"0.370506","0.737237","0","0.364706","1","0"
"0.380346","0.737237","0","0.364706","1","0"
"0.390186","0.737237","0","0.364706","1","0"
"0.400026","0.737237","0","0.364706","1","0"
"0.409866","0.737237","0","0.364706","1","0"
"0.419706","0.737237","0","0.364706","1","0"
"0.429546","0.737237","0","0.364706","1","0"
"0.439386","0.737237","0","0.364706","1","0"
"0.449226","0.737237","0","0.364706","1","0"
"0.459066","0.737237","0","0.364706","1","0"
"0.468906","0.737237","0","0.364706","1","0"
"0.478746","0.737237","0","0.364706","1","0"
"0.488586","0.737237","0","0.364706","1","0"
"0.498426","0.737237","0","0.364706","1","0"
"0.508267","0.737237","0","0.364706","1","0"
"0.518106","0.737237","0","0.364706","1","0"
"0.525701","0.734795","0","0.364706","1","0"
"0.526294","0.724973","0","0.364706","1","0"
"0.526755","0.715144","0","0.364706","1","0"
"0.527158","0.705312","0","0.364706","1","0"
"0.527529","0.695479","0","0.364706","1","0"
"0.527875","0.685645","0","0.364706","1","0"
"0.52819","0.675811","0","0.364706","1","0"
"0.528469","0.665974","0","0.364706","1","0"
"0.528744","0.656138","0","0.364706","1","0"
"0.529014","0.646302","0","0.364706","1","0"
"0.529281","0.636466","0","0.364706","1","0"
"0.529544","0.626629","0","0.364706","1","0"
"0.529804","0.616793","0","0.364706","1","0"
"0.530061","0.606956","0","0.364706","1","0"
"0.530316","0.597119","0","0.364706","1","0"
"0.530568","0.587282","0","0.364706","1","0"
"0.530817","0.577446","0","0.364706","1","0"
"0.531063","0.567609","0","0.364706","1","0"
"0.531308","0.557772","0","0.364706","1","0"
"0.531547","0.547935","0","0.364706","1","0"
"0.531777","0.538097","0","0.364706","1","0"
"0.532005","0.52826","0","0.364706","1","0"
"0.532232","0.518423","0","0.364706","1","0"
"0.532458","0.508585","0","0.364706","1","0"
"0.532683","0.498748","0","0.364706","1","0"
"0.532906","0.48891","0","0.364706","1","0"
"0.533128","0.479073","0","0.364706","1","0"
"0.533349","0.469235","0","0.364706","1","0"
"0.533569","0.459398","0","0.364706","1","0"
"0.533788","0.44956","0","0.364706","1","0"
"0.534005","0.439723","0","0.364706","1","0"
"0.534221","0.429885","0","0.364706","1","0"
"0.534433","0.420047","0","0.364706","1","0"
"0.534638","0.410209","0","0.364706","1","0"
"0.534841","0.400371","0","0.364706","1","0"
"0.535042","0.390534","0","0.364706","1","0"
"0.535238","0.380695","0","0.364706","1","0"
"0.535429","0.370857","0","0.364706","1","0"
"0.535151","0.361066","0","0.364706","1","0"
"0.532033","0.351737","0","0.364706","1","0"
"0.532189","0.341943","0","0.364706","1","0"
"0.532773","0.332121","0","0.364706","1","0"
"0.533248","0.322292","0","0.364706","1","0"
"0.531593","0.312814","0","0.364706","1","0"
"0.52726","0.303979","0","0.364706","1","0"
"0.522855","0.29518","0","0.364706","1","0"
"0.518448","0.286382","0","0.364706","1","0"
"0.514067","0.277572","0","0.364706","1","0"
"0.509757","0.268726","0","0.364706","1","0"
"0.506926","0.259486","0","0.364706","1","0"
"0.507056","0.249647","0","0.364706","1","0"
"0.507201","0.239808","0","0.364706","1","0"
"0.507352","0.229969","0","0.364706","1","0"
"0.507509","0.220131","0","0.364706","1","0"
"0.50767","0.210292","0","0.364706","1","0"
"0.507831","0.200453","0","0.364706","1","0"
"0.507994","0.190615","0","0.364706","1","0"
"0.508157","0.180776","0","0.364706","1","0"
"0.508321","0.170937","0","0.364706","1","0"
"0.508486","0.161099","0","0.364706","1","0"
"0.508651","0.15126","0","0.364706","1","0"
"0.508819","0.141422","0","0.364706","1","0"
"0.508987","0.131583","0","0.364706","1","0"
"0.509157","0.121744","0","0.364706","1","0"
"0.509327","0.111906","0","0.364706","1","0"
"0.509498","0.102067","0","0.364706","1","0"
"0.509669","0.0922289","0","0.364706","1","0"
"0.509841","0.0823904","0","0.364706","1","0"
"0.510014","0.0725519","0","0.364706","1","0"
"0.510191","0.0627135","0","0.364706","1","0"
"0.510373","0.0528752","0","0.364706","1","0"
"0.51056","0.043037","0","0.364706","1","0"
"0.510763","0.033199","0","0.364706","1","0"
"0.539313","0.366187","0","1","0.545098","0"
"0.529474","0.36604","0","1","0.545098","0"
"0.519635","0.365894","0","1","0.545098","0"
"0.509796","0.365747","0","1","0.545098","0"
"0.499957","0.3656","0","1","0.545098","0"
"0.490118","0.365453","0","1","0.545098","0"
"0.480279","0.365306","0","1","0.545098","0"
"0.47044","0.365159","0","1","0.545098","0"
"0.460601","0.365013","0","1","0.545098","0"
"0.450762","0.364866","0","1","0.545098","0"
"0.440924","0.364719","0","1","0.545098","0"
"0.431085","0.364572","0","1","0.545098","0"
"0.421246","0.364425","0","1","0.545098","0"
"0.411407","0.364278","0","1","0.545098","0"
"0.401568","0.364131","0","1","0.545098","0"
"0.391729","0.363985","0","1","0.545098","0"
"0.38189","0.363838","0","1","0.545098","0"
"0.372051","0.363691","0","1","0.545098","0"
"0.362212","0.363544","0","1","0.545098","0"
"0.352373","0.363397","0","1","0.545098","0"
"0.342534","0.36325","0","1","0.545098","0"
"0.332696","0.363103","0","1","0.545098","0"
"0.322857","0.362957","0","1","0.545098","0"
"0.313018","0.36281","0","1","0.545098","0"
"0.303179","0.362663","0","1","0.545098","0"
"0.29334","0.362516","0","1","0.545098","0"
"0.290005","0.369053","0","1","0.545098","0"
"0.289884","0.378892","0","1","0.545098","0"
"0.289763","0.388731","0","1","0.545098","0"
"0.289642","0.398571","0","1","0.545098","0"
"0.28952","0.40841","0","1","0.545098","0"
"0.289399","0.418249","0","1","0.545098","0"
"0.289278","0.428088","0","1","0.545098","0"
"0.289157","0.437928","0","1","0.545098","0"
"0.289036","0.447767","0","1","0.545098","0"
"0.288915","0.457606","0","1","0.545098","0"
"0.288793","0.467445","0","1","0.545098","0"
"0.288672","0.477285","0","1","0.545098","0"
"0.288551","0.487124","0","1","0.545098","0"
"0.28843","0.496963","0","1","0.545098","0"
"0.288309","0.506802","0","1","0.545098","0"
"0.288187","0.516642","0","1","0.545098","0"
"0.288066","0.526481","0","1","0.545098","0"
"0.287945","0.53632","0","1","0.545098","0"
"0.287824","0.546159","0","1","0.545098","0"
"0.287703","0.555999","0","1","0.545098","0"
"0.287582","0.565838","0","1","0.545098","0"
"0.28746","0.575677","0","1","0.545098","0"
"0.287339","0.585516","0","1","0.545098","0"
"0.287218","0.595356","0","1","0.545098","0"
"0.287097","0.605195","0","1","0.545098","0"
"0.286976","0.615034","0","1","0.545098","0"
"0.286855","0.624873","0","1","0.545098","0"
"0.286733","0.634713","0","1","0.545098","0"
"0.286612","0.644552","0","1","0.545098","0"
"0.286491","0.654391","0","1","0.545098","0"
"0.28637","0.66423","0","1","0.545098","0"
"0.286249","0.67407","0","1","0.545098","0"
"0.286128","0.683909","0","1","0.545098","0"
"0.286006","0.693748","0","1","0.545098","0"
"0.285885","0.703587","0","1","0.545098","0"
"0.285764","0.713427","0","1","0.545098","0"
"0.285643","0.723266","0","1","0.545098","0"
"0.285522","0.733105","0","1","0.545098","0"
"0.288354","0.740038","0","1","0.545098","0"
"0.298194","0.740075","0","1","0.545098","0"
"0.308034","0.740113","0","1","0.545098","0"
"0.317874","0.74015","0","1","0.545098","0"
"0.327714","0.740188","0","1","0.545098","0"
"0.337554","0.740225","0","1","0.545098","0"
"0.347394","0.740263","0","1","0.545098","0"
"0.357234","0.7403","0","1","0.545098","0"
"0.367074","0.740337","0","1","0.545098","0"
"0.376914","0.740375","0","1","0.545098","0"
"0.386754","0.740412","0","1","0.545098","0"
"0.396593","0.74045","0","1","0.545098","0"
"0.406433","0.740487","0","1","0.545098","0"
"0.416273","0.740524","0","1","0.545098","0"
"0.426113","0.740562","0","1","0.545098","0"
"0.435953","0.740599","0","1","0.545098","0"
"0.445793","0.740637","0","1","0.545098","0"
"0.455633","0.740674","0","1","0.545098","0"
"0.465473","0.740711","0","1","0.545098","0"
"0.475313","0.740749","0","1","0.545098","0"
"0.485153","0.740786","0","1","0.545098","0"
"0.494993","0.740824","0","1","0.545098","0"
"0.504833","0.740861","0","1","0.545098","0"
"0.514673","0.740898","0","1","0.545098","0"
"0.524513","0.740936","0","1","0.545098","0"
"0.530153","0.73662","0","1","0.545098","0"
"0.530469","0.726785","0","1","0.545098","0"
"0.530786","0.71695","0","1","0.545098","0"
"0.531102","0.707115","0","1","0.545098","0"
"0.531419","0.69728","0","1","0.545098","0"
"0.531735","0.687445","0","1","0.545098","0"
"0.532051","0.67761","0","1","0.545098","0"
"0.532368","0.667775","0","1","0.545098","0"
"0.532684","0.65794","0","1","0.545098","0"
"0.533001","0.648106","0","1","0.545098","0"
"0.533317","0.638271","0","1","0.545098","0"
"0.533634","0.628436","0","1","0.545098","0"
"0.53395","0.618601","0","1","0.545098","0"
"0.534267","0.608766","0","1","0.545098","0"
"0.534583","0.598931","0","1","0.545098","0"
"0.5349","0.589096","0","1","0.545098","0"
"0.535216","0.579261","0","1","0.545098","0"
"0.535533","0.569426","0","1","0.545098","0"
"0.535849","0.559591","0","1","0.545098","0"
"0.536166","0.549756","0","1","0.545098","0"
"0.536482","0.539921","0","1","0.545098","0"
"0.536798","0.530087","0","1","0.545098","0"
"0.537115","0.520252","0","1","0.545098","0"
"0.537431","0.510417","0","1","0.545098","0"
"0.537748","0.500582","0","1","0.545098","0"
"0.538064","0.490747","0","1","0.545098","0"
"0.538381","0.480912","0","1","0.545098","0"
"0.538697","0.471077","0","1","0.545098","0"
"0.539014","0.461242","0","1","0.545098","0"
"0.53933","0.451407","0","1","0.545098","0"
"0.539647","0.441572","0","1","0.545098","0"
"0.539963","0.431737","0","1","0.545098","0"
"0.54028","0.421903","0","1","0.545098","0"
"0.540596","0.412068","0","1","0.545098","0"
"0.540913","0.402233","0","1","0.545098","0"
"0.541229","0.392398","0","1","0.545098","0"
"0.541546","0.382563","0","1","0.545098","0"
"0.541862","0.372728","0","1","0.545098","0"
"0.541307","0.36303","0","1","0.545098","0"
"0.537997","0.353763","0","1","0.545098","0"
"0.537663","0.34402","0","1","0.545098","0"
"0.537916","0.334183","0","1","0.545098","0"
"0.538168","0.324346","0","1","0.545098","0"
"0.537702","0.314677","0","1","0.545098","0"
"0.533119","0.30597","0","1","0.545098","0"
"0.528536","0.297262","0","1","0.545098","0"
"0.523953","0.288555","0","1","0.545098","0"
"0.51937","0.279847","0","1","0.545098","0"
"0.514787","0.271139","0","1","0.545098","0"
"0.510494","0.262363","0","1","0.545098","0"
"0.510653","0.252524","0","1","0.545098","0"
"0.510812","0.242685","0","1","0.545098","0"
"0.51097","0.232847","0","1","0.545098","0"
"0.511129","0.223008","0","1","0.545098","0"
"0.511288","0.213169","0","1","0.545098","0"
"0.511447","0.20333","0","1","0.545098","0"
"0.511606","0.193492","0","1","0.545098","0"
"0.511765","0.183653","0","1","0.545098","0"
"0.511923","0.173814","0","1","0.545098","0"
"0.512082","0.163975","0","1","0.545098","0"
"0.512241","0.154137","0","1","0.545098","0"
"0.5124","0.144298","0","1","0.545098","0"
"0.512559","0.134459","0","1","0.545098","0"
"0.512718","0.124621","0","1","0.545098","0"
"0.512877","0.114782","0","1","0.545098","0"
"0.513035","0.104943","0","1","0.545098","0"
"0.513194","0.0951044","0","1","0.545098","0"
"0.513353","0.0852657","0","1","0.545098","0"
"0.513512","0.075427","0","1","0.545098","0"
"0.513671","0.0655883","0","1","0.545098","0"
"0.51383","0.0557496","0","1","0.545098","0"
"0.513989","0.0459108","0","1","0.545098","0"
"0.514147","0.0360721","0","1","0.545098","0"
"0.0259975","0.735377","0","1","0.571","0.79265"
"0.0358364","0.735521","0","1","0.571","0.79265"
"0.0456753","0.735665","0","1","0.571","0.79265"
"0.0555143","0.735809","0","1","0.571","0.79265"
"0.0653533","0.735952","0","1","0.571","0.79265"
"0.0751923","0.736096","0","1","0.571","0.79265"
"0.0850312","0.73624","0","1","0.571","0.79265"
"0.0948701","0.736384","0","1","0.571","0.79265"
"0.104709","0.736528","0","1","0.571","0.79265"
"0.114548","0.736672","0","1","0.571","0.79265"
"0.124387","0.736815","0","1","0.571","0.79265"
"0.134226","0.736959","0","1","0.571","0.79265"
"0.144065","0.737103","0","1","0.571","0.79265"
"0.153904","0.737247","0","1","0.571","0.79265"
"0.163743","0.737391","0","1","0.571","0.79265"
"0.173582","0.737535","0","1","0.571","0.79265"
"0.183421","0.737678","0","1","0.571","0.79265"
"0.19326","0.737822","0","1","0.571","0.79265"
"0.203099","0.737966","0","1","0.571","0.79265"
"0.212938","0.73811","0","1","0.571","0.79265"
"0.222777","0.738254","0","1","0.571","0.79265"
"0.232616","0.738398","0","1","0.571","0.79265"
"0.242454","0.738541","0","1","0.571","0.79265"
"0.252293","0.738685","0","1","0.571","0.79265"
"0.262132","0.738829","0","1","0.571","0.79265"
"0.271971","0.738973","0","1","0.571","0.79265"
"0.281667","0.739703","0","1","0.571","0.79265"
"0.290468","0.744104","0","1","0.571","0.79265"
"0.299734","0.746519","0","1","0.571","0.79265"
"0.309574","0.746481","0","1","0.571","0.79265"
"0.319414","0.746443","0","1","0.571","0.79265"
"0.329254","0.746405","0","1","0.571","0.79265"
"0.339094","0.746366","0","1","0.571","0.79265"
"0.348934","0.746328","0","1","0.571","0.79265"
"0.358774","0.74629","0","1","0.571","0.79265"
"0.368614","0.746251","0","1","0.571","0.79265"
"0.378454","0.746213","0","1","0.571","0.79265"
"0.388294","0.746175","0","1","0.571","0.79265"
"0.398133","0.746137","0","1","0.571","0.79265"
"0.407973","0.746098","0","1","0.571","0.79265"
"0.417813","0.74606","0","1","0.571","0.79265"
"0.427653","0.746022","0","1","0.571","0.79265"
"0.437493","0.745983","0","1","0.571","0.79265"
"0.447333","0.745945","0","1","0.571","0.79265"
"0.457173","0.745907","0","1","0.571","0.79265"
"0.467013","0.745869","0","1","0.571","0.79265"
"0.476853","0.74583","0","1","0.571","0.79265"
"0.486693","0.745792","0","1","0.571","0.79265"
"0.496533","0.745754","0","1","0.571","0.79265"
"0.506373","0.745715","0","1","0.571","0.79265"
"0.516213","0.745677","0","1","0.571","0.79265"
"0.526052","0.745639","0","1","0.571","0.79265"
"0.534379","0.744045","0","1","0.571","0.79265"
"0.534687","0.73421","0","1","0.571","0.79265"
"0.534994","0.724375","0","1","0.571","0.79265"
"0.535301","0.71454","0","1","0.571","0.79265"
"0.535609","0.704705","0","1","0.571","0.79265"
"0.535916","0.694869","0","1","0.571","0.79265"
"0.536223","0.685034","0","1","0.571","0.79265"
"0.536531","0.675199","0","1","0.571","0.79265"
"0.536838","0.665364","0","1","0.571","0.79265"
"0.537145","0.655529","0","1","0.571","0.79265"
"0.537453","0.645693","0","1","0.571","0.79265"
"0.53776","0.635858","0","1","0.571","0.79265"
"0.538067","0.626023","0","1","0.571","0.79265"
"0.538375","0.616188","0","1","0.571","0.79265"
"0.538682","0.606353","0","1","0.571","0.79265"
"0.538989","0.596517","0","1","0.571","0.79265"
"0.539297","0.586682","0","1","0.571","0.79265"
"0.539604","0.576847","0","1","0.571","0.79265"
"0.539912","0.567012","0","1","0.571","0.79265"
"0.540219","0.557177","0","1","0.571","0.79265"
"0.540526","0.547341","0","1","0.571","0.79265"
"0.540834","0.537506","0","1","0.571","0.79265"
"0.541141","0.527671","0","1","0.571","0.79265"
"0.541448","0.517836","0","1","0.571","0.79265"
"0.541756","0.508001","0","1","0.571","0.79265"
"0.542063","0.498165","0","1","0.571","0.79265"
"0.54237","0.48833","0","1","0.571","0.79265"
"0.542678","0.478495","0","1","0.571","0.79265"
"0.542985","0.46866","0","1","0.571","0.79265"
"0.543292","0.458825","0","1","0.571","0.79265"
"0.5436","0.448989","0","1","0.571","0.79265"
"0.543907","0.439154","0","1","0.571","0.79265"
"0.544214","0.429319","0","1","0.571","0.79265"
"0.544522","0.419484","0","1","0.571","0.79265"
"0.544829","0.409649","0","1","0.571","0.79265"
"0.545136","0.399813","0","1","0.571","0.79265"
"0.545444","0.389978","0","1","0.571","0.79265"
"0.545751","0.380143","0","1","0.571","0.79265"
"0.546058","0.370308","0","1","0.571","0.79265"
"0.546366","0.360473","0","1","0.571","0.79265"
"0.538305","0.358748","0","1","0.571","0.79265"
"0.528465","0.358748","0","1","0.571","0.79265"
"0.518625","0.358748","0","1","0.571","0.79265"
"0.508785","0.358748","0","1","0.571","0.79265"
"0.498945","0.358748","0","1","0.571","0.79265"
"0.489105","0.358748","0","1","0.571","0.79265"
"0.479265","0.358748","0","1","0.571","0.79265"
"0.469425","0.358748","0","1","0.571","0.79265"
"0.459585","0.358748","0","1","0.571","0.79265"
"0.449745","0.358748","0","1","0.571","0.79265"
"0.439905","0.358748","0","1","0.571","0.79265"
"0.430065","0.358748","0","1","0.571","0.79265"
"0.420225","0.358748","0","1","0.571","0.79265"
"0.410385","0.358748","0","1","0.571","0.79265"
"0.400545","0.358748","0","1","0.571","0.79265"
"0.390705","0.358748","0","1","0.571","0.79265"
"0.380865","0.358748","0","1","0.571","0.79265"
"0.371025","0.358748","0","1","0.571","0.79265"
"0.361185","0.358748","0","1","0.571","0.79265"
"0.351345","0.358748","0","1","0.571","0.79265"
"0.341505","0.358748","0","1","0.571","0.79265"
"0.331665","0.358748","0","1","0.571","0.79265"
"0.321825","0.358748","0","1","0.571","0.79265"
"0.311985","0.358748","0","1","0.571","0.79265"
"0.302145","0.358748","0","1","0.571","0.79265"
"0.292305","0.358748","0","1","0.571","0.79265"
"0.286909","0.363246","0","1","0.571","0.79265"
"0.286789","0.373085","0","1","0.571","0.79265"
"0.286669","0.382924","0","1","0.571","0.79265"
"0.286549","0.392764","0","1","0.571","0.79265"
"0.286429","0.402603","0","1","0.571","0.79265"
"0.286309","0.412442","0","1","0.571","0.79265"
"0.286189","0.422282","0","1","0.571","0.79265"
"0.286069","0.432121","0","1","0.571","0.79265"
"0.285949","0.44196","0","1","0.571","0.79265"
"0.285829","0.451799","0","1","0.571","0.79265"
"0.285709","0.461639","0","1","0.571","0.79265"
"0.285589","0.471478","0","1","0.571","0.79265"
"0.285469","0.481317","0","1","0.571","0.79265"
"0.285349","0.491156","0","1","0.571","0.79265"
"0.285229","0.500996","0","1","0.571","0.79265"
"0.285109","0.510835","0","1","0.571","0.79265"
"0.284989","0.520674","0","1","0.571","0.79265"
"0.284869","0.530513","0","1","0.571","0.79265"
"0.284749","0.540353","0","1","0.571","0.79265"
"0.284629","0.550192","0","1","0.571","0.79265"
"0.284509","0.560031","0","1","0.571","0.79265"
"0.284389","0.569871","0","1","0.571","0.79265"
"0.284269","0.57971","0","1","0.571","0.79265"
"0.284149","0.589549","0","1","0.571","0.79265"
"0.284029","0.599388","0","1","0.571","0.79265"
"0.283909","0.609228","0","1","0.571","0.79265"
"0.283789","0.619067","0","1","0.571","0.79265"
"0.283669","0.628906","0","1","0.571","0.79265"
"0.283549","0.638745","0","1","0.571","0.79265"
"0.283429","0.648585","0","1","0.571","0.79265"
"0.283309","0.658424","0","1","0.571","0.79265"
"0.283189","0.668263","0","1","0.571","0.79265"
"0.283069","0.678102","0","1","0.571","0.79265"
"0.282949","0.687942","0","1","0.571","0.79265"
"0.282829","0.697781","0","1","0.571","0.79265"
"0.282709","0.70762","0","1","0.571","0.79265"
"0.282589","0.717459","0","1","0.571","0.79265"
"0.282469","0.727299","0","1","0.571","0.79265"
"0.282349","0.737138","0","1","0.571","0.79265"
"0.34218","0.307601","-0.0615","1","0","0"
"0.342371","0.297762","-0.0615","1","0","0"
"0.342562","0.287924","-0.0615","1","0","0"
"0.342753","0.278086","-0.0615","1","0","0"
"0.342943","0.268248","-0.0615","1","0","0"
"0.343134","0.25841","-0.0615","1","0","0"
"0.343325","0.248572","-0.0615","1","0","0"
"0.343516","0.238733","-0.0615","1","0","0"
"0.343707","0.228895","-0.0615","1","0","0"
"0.343897","0.219057","-0.0615","1","0","0"
"0.344088","0.209219","-0.0615","1","0","0"
"0.344279","0.199381","-0.0615","1","0","0"
"0.34447","0.189543","-0.0615","1","0","0"
"0.344661","0.179704","-0.0615","1","0","0"
"0.344851","0.169866","-0.0615","1","0","0"
"0.345042","0.160028","-0.0615","1","0","0"
"0.345233","0.15019","-0.0615","1","0","0"
"0.345424","0.140352","-0.0615","1","0","0"
"0.345615","0.130514","-0.0615","1","0","0"
"0.345806","0.120675","-0.0615","1","0","0"
"0.345996","0.110837","-0.0615","1","0","0"
"0.346187","0.100999","-0.0615","1","0","0"
"0.346378","0.091161","-0.0615","1","0","0"
"0.346569","0.0813228","-0.0615","1","0","0"
"0.34676","0.0714847","-0.0615","1","0","0"
"0.34695","0.0616465","-0.0615","1","0","0"
"0.347141","0.0518084","-0.0615","1","0","0"
"0.347332","0.0419702","-0.0615","1","0","0"
"0.666732","0.0323355","-0.0615","0.815","0","0"
"0.66365","0.0416802","-0.0615","0.815","0","0"
"0.660567","0.0510249","-0.0615","0.815","0","0"
"0.657484","0.0603695","-0.0615","0.815","0","0"
"0.654401","0.0697142","-0.0615","0.815","0","0"
"0.651319","0.0790588","-0.0615","0.815","0","0"
"0.648236","0.0884034","-0.0615","0.815","0","0"
"0.645153","0.0977481","-0.0615","0.815","0","0"
"0.64207","0.107093","-0.0615","0.815","0","0"
"0.638988","0.116437","-0.0615","0.815","0","0"
"0.636885","0.125953","-0.0615","0.815","0","0"
"0.63663","0.135789","-0.0615","0.815","0","0"
"0.636374","0.145626","-0.0615","0.815","0","0"
"0.636119","0.155463","-0.0615","0.815","0","0"
"0.635863","0.165299","-0.0615","0.815","0","0"
"0.635608","0.175136","-0.0615","0.815","0","0"
"0.635352","0.184973","-0.0615","0.815","0","0"
"0.635097","0.194809","-0.0615","0.815","0","0"
"0.634842","0.204646","-0.0615","0.815","0","0"
"0.634586","0.214483","-0.0615","0.815","0","0"
"0.634331","0.22432","-0.0615","0.815","0","0"
"0.634075","0.234156","-0.0615","0.815","0","0"
"0.633819","0.243993","-0.0615","0.815","0","0"
"0.633564","0.25383","-0.0615","0.815","0","0"
"0.633309","0.263666","-0.0615","0.815","0","0"
"0.630989","0.273167","-0.0615","0.815","0","0"
"0.628113","0.282578","-0.0615","0.815","0","0"
"0.625238","0.291988","-0.0615","0.815","0","0"
"0.622954","0.301496","-0.0615","0.815","0","0"
"0.622646","0.311332","-0.0615","0.815","0","0"
"0.622338","0.321167","-0.0615","0.815","0","0"
"0.622029","0.331002","-0.0615","0.815","0","0"
"0.621721","0.340837","-0.0615","0.815","0","0"
"0.621413","0.350672","-0.0615","0.815","0","0"
"0.621105","0.360507","-0.0615","0.815","0","0"
"0.620797","0.370343","-0.0615","0.815","0","0"
"0.620489","0.380178","-0.0615","0.815","0","0"
"0.620181","0.390013","-0.0615","0.815","0","0"
"0.619872","0.399848","-0.0615","0.815","0","0"
"0.619564","0.409683","-0.0615","0.815","0","0"
"0.619256","0.419519","-0.0615","0.815","0","0"
"0.618948","0.429354","-0.0615","0.815","0","0"
"0.61864","0.439189","-0.0615","0.815","0","0"
"0.618332","0.449024","-0.0615","0.815","0","0"
"0.618024","0.458859","-0.0615","0.815","0","0"
"0.617715","0.468694","-0.0615","0.815","0","0"
"0.617407","0.47853","-0.0615","0.815","0","0"
"0.617099","0.488365","-0.0615","0.815","0","0"
"0.616791","0.4982","-0.0615","0.815","0","0"
"0.616483","0.508035","-0.0615","0.815","0","0"
"0.616175","0.51787","-0.0615","0.815","0","0"
"0.615867","0.527705","-0.0615","0.815","0","0"
"0.615559","0.537541","-0.0615","0.815","0","0"
"0.61525","0.547376","-0.0615","0.815","0","0"
"0.614942","0.557211","-0.0615","0.815","0","0"
"0.614634","0.567046","-0.0615","0.815","0","0"
"0.614326","0.576881","-0.0615","0.815","0","0"
"0.614018","0.586716","-0.0615","0.815","0","0"
"0.61371","0.596552","-0.0615","0.815","0","0"
"0.613402","0.606387","-0.0615","0.815","0","0"
"0.613093","0.616222","-0.0615","0.815","0","0"
"0.612785","0.626057","-0.0615","0.815","0","0"
"0.612477","0.635892","-0.0615","0.815","0","0"
"0.612169","0.645728","-0.0615","0.815","0","0"
"0.611861","0.655563","-0.0615","0.815","0","0"
"0.611553","0.665398","-0.0615","0.815","0","0"
"0.674112","0.0323355","-0.0615","1","0.545098","0"
"0.67103","0.0416802","-0.0615","1","0.545098","0"
"0.667947","0.0510249","-0.0615","1","0.545098","0"
"0.664864","0.0603695","-0.0615","1","0.545098","0"
"0.661781","0.0697142","-0.0615","1","0.545098","0"
"0.658699","0.0790588","-0.0615","1","0.545098","0"
"0.655616","0.0884034","-0.0615","1","0.545098","0"
"0.652533","0.0977481","-0.0615","1","0.545098","0"
"0.64945","0.107093","-0.0615","1","0.545098","0"
"0.646368","0.116437","-0.0615","1","0.545098","0"
"0.644265","0.125953","-0.0615","1","0.545098","0"
"0.64401","0.135789","-0.0615","1","0.545098","0"
"0.643754","0.145626","-0.0615","1","0.545098","0"
"0.643499","0.155463","-0.0615","1","0.545098","0"
"0.643243","0.165299","-0.0615","1","0.545098","0"
"0.642988","0.175136","-0.0615","1","0.545098","0"
"0.642732","0.184973","-0.0615","1","0.545098","0"
"0.642477","0.194809","-0.0615","1","0.545098","0"
"0.642222","0.204646","-0.0615","1","0.545098","0"
"0.641966","0.214483","-0.0615","1","0.545098","0"
"0.641711","0.22432","-0.0615","1","0.545098","0"
"0.641455","0.234156","-0.0615","1","0.545098","0"
"0.641199","0.243993","-0.0615","1","0.545098","0"
"0.640944","0.25383","-0.0615","1","0.545098","0"
"0.640689","0.263666","-0.0615","1","0.545098","0"
"0.638369","0.273167","-0.0615","1","0.545098","0"
"0.635493","0.282578","-0.0615","1","0.545098","0"
"0.632618","0.291988","-0.0615","1","0.545098","0"
"0.630334","0.301496","-0.0615","1","0.545098","0"
"0.630026","0.311332","-0.0615","1","0.545098","0"
"0.629718","0.321167","-0.0615","1","0.545098","0"
"0.629409","0.331002","-0.0615","1","0.545098","0"
"0.629101","0.340837","-0.0615","1","0.545098","0"
"0.628793","0.350672","-0.0615","1","0.545098","0"
"0.628485","0.360507","-0.0615","1","0.545098","0"
"0.628177","0.370343","-0.0615","1","0.545098","0"
"0.627869","0.380178","-0.0615","1","0.545098","0"
"0.627561","0.390013","-0.0615","1","0.545098","0"
"0.627252","0.399848","-0.0615","1","0.545098","0"
"0.626944","0.409683","-0.0615","1","0.545098","0"
"0.626636","0.419519","-0.0615","1","0.545098","0"
"0.626328","0.429354","-0.0615","1","0.545098","0"
"0.62602","0.439189","-0.0615","1","0.545098","0"
"0.625712","0.449024","-0.0615","1","0.545098","0"
"0.625404","0.458859","-0.0615","1","0.545098","0"
"0.625095","0.468694","-0.0615","1","0.545098","0"
"0.624787","0.47853","-0.0615","1","0.545098","0"
"0.624479","0.488365","-0.0615","1","0.545098","0"
"0.624171","0.4982","-0.0615","1","0.545098","0"
"0.623863","0.508035","-0.0615","1","0.545098","0"
"0.623555","0.51787","-0.0615","1","0.545098","0"
"0.623247","0.527705","-0.0615","1","0.545098","0"
"0.622939","0.537541","-0.0615","1","0.545098","0"
"0.62263","0.547376","-0.0615","1","0.545098","0"
"0.622322","0.557211","-0.0615","1","0.545098","0"
"0.622014","0.567046","-0.0615","1","0.545098","0"
"0.621706","0.576881","-0.0615","1","0.545098","0"
"0.621398","0.586716","-0.0615","1","0.545098","0"
"0.62109","0.596552","-0.0615","1","0.545098","0"
"0.620782","0.606387","-0.0615","1","0.545098","0"
"0.620473","0.616222","-0.0615","1","0.545098","0"
"0.620165","0.626057","-0.0615","1","0.545098","0"
"0.619857","0.635892","-0.0615","1","0.545098","0"
"0.619549","0.645728","-0.0615","1","0.545098","0"
"0.619241","0.655563","-0.0615","1","0.545098","0"
"0.618933","0.665398","-0.0615","1","0.545098","0"
"0.134144","0.415307","-0.0615","0.364706","1","0"
"0.134336","0.405469","-0.0615","0.364706","1","0"
"0.134528","0.395631","-0.0615","0.364706","1","0"
"0.13472","0.385793","-0.0615","0.364706","1","0"
"0.134912","0.375955","-0.0615","0.364706","1","0"
"0.135104","0.366117","-0.0615","0.364706","1","0"
"0.135296","0.356278","-0.0615","0.364706","1","0"
"0.135488","0.34644","-0.0615","0.364706","1","0"
"0.13568","0.336602","-0.0615","0.364706","1","0"
"0.135872","0.326764","-0.0615","0.364706","1","0"
"0.136064","0.316926","-0.0615","0.364706","1","0"
"0.136256","0.307088","-0.0615","0.364706","1","0"
"0.136448","0.29725","-0.0615","0.364706","1","0"
"0.139441","0.287923","-0.0615","0.364706","1","0"
"0.142737","0.278651","-0.0615","0.364706","1","0"
"0.146034","0.26938","-0.0615","0.364706","1","0"
"0.149152","0.260058","-0.0615","0.364706","1","0"
"0.151183","0.25043","-0.0615","0.364706","1","0"
"0.153214","0.240802","-0.0615","0.364706","1","0"
"0.155245","0.231174","-0.0615","0.364706","1","0"
"0.157276","0.221546","-0.0615","0.364706","1","0"
"0.159307","0.211918","-0.0615","0.364706","1","0"
"0.161338","0.20229","-0.0615","0.364706","1","0"
"0.163369","0.192662","-0.0615","0.364706","1","0"
"0.1654","0.183033","-0.0615","0.364706","1","0"
"0.167431","0.173405","-0.0615","0.364706","1","0"
"0.169461","0.163777","-0.0615","0.364706","1","0"
"0.169944","0.153973","-0.0615","0.364706","1","0"
"0.170127","0.144135","-0.0615","0.364706","1","0"
"0.170311","0.134296","-0.0615","0.364706","1","0"
"0.170494","0.124458","-0.0615","0.364706","1","0"
"0.170677","0.11462","-0.0615","0.364706","1","0"
"0.170861","0.104781","-0.0615","0.364706","1","0"
"0.171044","0.094943","-0.0615","0.364706","1","0"
"0.171227","0.0851047","-0.0615","0.364706","1","0"
"0.171411","0.0752664","-0.0615","0.364706","1","0"
"0.171594","0.0654281","-0.0615","0.364706","1","0"
"0.171777","0.0555898","-0.0615","0.364706","1","0"
"0.171961","0.0457515","-0.0615","0.364706","1","0"
"0.131684","0.415307","-0.0615","0.479","0","0"
"0.131876","0.405469","-0.0615","0.479","0","0"
"0.132068","0.395631","-0.0615","0.479","0","0"
"0.13226","0.385793","-0.0615","0.479","0","0"
"0.132452","0.375955","-0.0615","0.479","0","0"
"0.132644","0.366117","-0.0615","0.479","0","0"
"0.132836","0.356278","-0.0615","0.479","0","0"
"0.133028","0.34644","-0.0615","0.479","0","0"
"0.13322","0.336602","-0.0615","0.479","0","0"
"0.133412","0.326764","-0.0615","0.479","0","0"
"0.133604","0.316926","-0.0615","0.479","0","0"
"0.133796","0.307088","-0.0615","0.479","0","0"
"0.133988","0.29725","-0.0615","0.479","0","0"
"0.136981","0.287923","-0.0615","0.479","0","0"
"0.140277","0.278651","-0.0615","0.479","0","0"
"0.143574","0.26938","-0.0615","0.479","0","0"
"0.146692","0.260058","-0.0615","0.479","0","0"
"0.148723","0.25043","-0.0615","0.479","0","0"
"0.150754","0.240802","-0.0615","0.479","0","0"
"0.152785","0.231174","-0.0615","0.479","0","0"
"0.154816","0.221546","-0.0615","0.479","0","0"
"0.156847","0.211918","-0.0615","0.479","0","0"
"0.158878","0.20229","-0.0615","0.479","0","0"
"0.160909","0.192662","-0.0615","0.479","0","0"
"0.16294","0.183033","-0.0615","0.479","0","0"
"0.164971","0.173405","-0.0615","0.479","0","0"
"0.167001","0.163777","-0.0615","0.479","0","0"
"0.167484","0.153973","-0.0615","0.479","0","0"
"0.167667","0.144135","-0.0615","0.479","0","0"
"0.167851","0.134296","-0.0615","0.479","0","0"
"0.168034","0.124458","-0.0615","0.479","0","0"
"0.168217","0.11462","-0.0615","0.479","0","0"
"0.168401","0.104781","-0.0615","0.479","0","0"
"0.168584","0.094943","-0.0615","0.479","0","0"
"0.168767","0.0851047","-0.0615","0.479","0","0"
"0.168951","0.0752664","-0.0615","0.479","0","0"
"0.169134","0.0654281","-0.0615","0.479","0","0"
"0.169317","0.0555898","-0.0615","0.479","0","0"
"0.1695","0.0457515","-0.0615","0.479","0","0"
"0.136604","0.415307","-0.0615","0","0.184314","1"
"0.136796","0.405469","-0.0615","0","0.184314","1"
"0.136988","0.395631","-0.0615","0","0.184314","1"
"0.13718","0.385793","-0.0615","0","0.184314","1"
"0.137372","0.375955","-0.0615","0","0.184314","1"
"0.137564","0.366117","-0.0615","0","0.184314","1"
"0.137756","0.356278","-0.0615","0","0.184314","1"
"0.137948","0.34644","-0.0615","0","0.184314","1"
"0.13814","0.336602","-0.0615","0","0.184314","1"
"0.138332","0.326764","-0.0615","0","0.184314","1"
"0.138524","0.316926","-0.0615","0","0.184314","1"
"0.138716","0.307088","-0.0615","0","0.184314","1"
"0.138908","0.29725","-0.0615","0","0.184314","1"
"0.141901","0.287923","-0.0615","0","0.184314","1"
"0.145197","0.278651","-0.0615","0","0.184314","1"
"0.148494","0.26938","-0.0615","0","0.184314","1"
"0.151612","0.260058","-0.0615","0","0.184314","1"
"0.153643","0.25043","-0.0615","0","0.184314","1"
"0.155674","0.240802","-0.0615","0","0.184314","1"
"0.157705","0.231174","-0.0615","0","0.184314","1"
"0.159736","0.221546","-0.0615","0","0.184314","1"
"0.161767","0.211918","-0.0615","0","0.184314","1"
"0.163798","0.20229","-0.0615","0","0.184314","1"
"0.165829","0.192662","-0.0615","0","0.184314","1"
"0.16786","0.183033","-0.0615","0","0.184314","1"
"0.169891","0.173405","-0.0615","0","0.184314","1"
"0.171921","0.163777","-0.0615","0","0.184314","1"
"0.172404","0.153973","-0.0615","0","0.184314","1"
"0.172587","0.144135","-0.0615","0","0.184314","1"
"0.172771","0.134296","-0.0615","0","0.184314","1"
"0.172954","0.124458","-0.0615","0","0.184314","1"
"0.173137","0.11462","-0.0615","0","0.184314","1"
"0.173321","0.104781","-0.0615","0","0.184314","1"
"0.173504","0.094943","-0.0615","0","0.184314","1"
"0.173687","0.0851047","-0.0615","0","0.184314","1"
"0.173871","0.0752664","-0.0615","0","0.184314","1"
"0.174054","0.0654281","-0.0615","0","0.184314","1"
"0.174237","0.0555898","-0.0615","0","0.184314","1"
"0.17442","0.0457515","-0.0615","0","0.184314","1"
"0.0118733","0.820933","-0.0615","0","0.7","1"
"0.0217119","0.821095","-0.0615","0","0.7","1"
"0.0315506","0.821258","-0.0615","0","0.7","1"
"0.0413893","0.82142","-0.0615","0","0.7","1"
"0.051228","0.821583","-0.0615","0","0.7","1"
"0.0610667","0.821746","-0.0615","0","0.7","1"
"0.0709053","0.821908","-0.0615","0","0.7","1"
"0.080744","0.822071","-0.0615","0","0.7","1"
"0.0905827","0.822234","-0.0615","0","0.7","1"
"0.100421","0.822396","-0.0615","0","0.7","1"
"0.107314","0.818178","-0.0615","0","0.7","1"
"0.110876","0.809005","-0.0615","0","0.7","1"
"0.114437","0.799832","-0.0615","0","0.7","1"
"0.117998","0.790659","-0.0615","0","0.7","1"
"0.121559","0.781486","-0.0615","0","0.7","1"
"0.125121","0.772313","-0.0615","0","0.7","1"
"0.128682","0.76314","-0.0615","0","0.7","1"
"0.131278","0.753776","-0.0615","0","0.7","1"
"0.131489","0.743938","-0.0615","0","0.7","1"
"0.1317","0.7341","-0.0615","0","0.7","1"
"0.131912","0.724262","-0.0615","0","0.7","1"
"0.132123","0.714425","-0.0615","0","0.7","1"
"0.132335","0.704587","-0.0615","0","0.7","1"
"0.132546","0.694749","-0.0615","0","0.7","1"
"0.132757","0.684912","-0.0615","0","0.7","1"
"0.132969","0.675074","-0.0615","0","0.7","1"
"0.13318","0.665236","-0.0615","0","0.7","1"
"0.133391","0.655398","-0.0615","0","0.7","1"
"0.133603","0.645561","-0.0615","0","0.7","1"
"0.133814","0.635723","-0.0615","0","0.7","1"
"0.134025","0.625885","-0.0615","0","0.7","1"
"0.134237","0.616048","-0.0615","0","0.7","1"
"0.134448","0.60621","-0.0615","0","0.7","1"
"0.134659","0.596372","-0.0615","0","0.7","1"
"0.134871","0.586534","-0.0615","0","0.7","1"
"0.135082","0.576697","-0.0615","0","0.7","1"
"0.135294","0.566859","-0.0615","0","0.7","1"
"0.135505","0.557021","-0.0615","0","0.7","1"
"0.135716","0.547183","-0.0615","0","0.7","1"
"0.135928","0.537346","-0.0615","0","0.7","1"
"0.136139","0.527508","-0.0615","0","0.7","1"
"0.13635","0.51767","-0.0615","0","0.7","1"
"0.136562","0.507832","-0.0615","0","0.7","1"
"0.136773","0.497995","-0.0615","0","0.7","1"
"0.136984","0.488157","-0.0615","0","0.7","1"
"0.137196","0.478319","-0.0615","0","0.7","1"
"0.0109632","0.817058","-0.0615","1","0.736533","0.168"
"0.0208019","0.81722","-0.0615","1","0.736533","0.168"
"0.0306405","0.817383","-0.0615","1","0.736533","0.168"
"0.0404792","0.817546","-0.0615","1","0.736533","0.168"
"0.0503179","0.817708","-0.0615","1","0.736533","0.168"
"0.0601566","0.817871","-0.0615","1","0.736533","0.168"
"0.0699953","0.818034","-0.0615","1","0.736533","0.168"
"0.0798339","0.818196","-0.0615","1","0.736533","0.168"
"0.0896726","0.818359","-0.0615","1","0.736533","0.168"
"0.0995113","0.818521","-0.0615","1","0.736533","0.168"
"0.106402","0.814302","-0.0615","1","0.736533","0.168"
"0.109957","0.805127","-0.0615","1","0.736533","0.168"
"0.113512","0.795952","-0.0615","1","0.736533","0.168"
"0.117068","0.786776","-0.0615","1","0.736533","0.168"
"0.120623","0.777601","-0.0615","1","0.736533","0.168"
"0.124179","0.768426","-0.0615","1","0.736533","0.168"
"0.127734","0.759251","-0.0615","1","0.736533","0.168"
"0.128907","0.749604","-0.0615","1","0.736533","0.168"
"0.129119","0.739766","-0.0615","1","0.736533","0.168"
"0.12933","0.729928","-0.0615","1","0.736533","0.168"
"0.129541","0.72009","-0.0615","1","0.736533","0.168"
"0.129753","0.710253","-0.0615","1","0.736533","0.168"
"0.129964","0.700415","-0.0615","1","0.736533","0.168"
"0.130175","0.690577","-0.0615","1","0.736533","0.168"
"0.130387","0.68074","-0.0615","1","0.736533","0.168"
"0.130598","0.670902","-0.0615","1","0.736533","0.168"
"0.13081","0.661064","-0.0615","1","0.736533","0.168"
"0.131021","0.651226","-0.0615","1","0.736533","0.168"
"0.131232","0.641389","-0.0615","1","0.736533","0.168"
"0.131444","0.631551","-0.0615","1","0.736533","0.168"
"0.131655","0.621713","-0.0615","1","0.736533","0.168"
"0.131866","0.611875","-0.0615","1","0.736533","0.168"
"0.132078","0.602038","-0.0615","1","0.736533","0.168"
"0.132289","0.5922","-0.0615","1","0.736533","0.168"
"0.1325","0.582362","-0.0615","1","0.736533","0.168"
"0.132712","0.572524","-0.0615","1","0.736533","0.168"
"0.132923","0.562687","-0.0615","1","0.736533","0.168"
"0.133135","0.552849","-0.0615","1","0.736533","0.168"
"0.133346","0.543011","-0.0615","1","0.736533","0.168"
"0.133557","0.533174","-0.0615","1","0.736533","0.168"
"0.133769","0.523336","-0.0615","1","0.736533","0.168"
"0.13398","0.513498","-0.0615","1","0.736533","0.168"
"0.134191","0.50366","-0.0615","1","0.736533","0.168"
"0.134403","0.493823","-0.0615","1","0.736533","0.168"
"0.134614","0.483985","-0.0615","1","0.736533","0.168"
"0.134825","0.474147","-0.0615","1","0.736533","0.168"
"0.0177034","0.824807","-0.0615","1","0.545098","0"
"0.0275421","0.82497","-0.0615","1","0.545098","0"
"0.0373807","0.825133","-0.0615","1","0.545098","0"
"0.0472194","0.825295","-0.0615","1","0.545098","0"
"0.0570581","0.825458","-0.0615","1","0.545098","0"
"0.0668967","0.82562","-0.0615","1","0.545098","0"
"0.0767354","0.825783","-0.0615","1","0.545098","0"
"0.0865741","0.825946","-0.0615","1","0.545098","0"
"0.0964127","0.826108","-0.0615","1","0.545098","0"
"0.106251","0.826271","-0.0615","1","0.545098","0"
"0.113147","0.822054","-0.0615","1","0.545098","0"
"0.116713","0.812883","-0.0615","1","0.545098","0"
"0.12028","0.803712","-0.0615","1","0.545098","0"
"0.123846","0.794541","-0.0615","1","0.545098","0"
"0.127413","0.78537","-0.0615","1","0.545098","0"
"0.130979","0.776199","-0.0615","1","0.545098","0"
"0.134546","0.767028","-0.0615","1","0.545098","0"
"0.138112","0.757857","-0.0615","1","0.545098","0"
"0.138779","0.74811","-0.0615","1","0.545098","0"
"0.138991","0.738272","-0.0615","1","0.545098","0"
"0.139202","0.728435","-0.0615","1","0.545098","0"
"0.139413","0.718597","-0.0615","1","0.545098","0"
"0.139625","0.708759","-0.0615","1","0.545098","0"
"0.139836","0.698921","-0.0615","1","0.545098","0"
"0.140048","0.689084","-0.0615","1","0.545098","0"
"0.140259","0.679246","-0.0615","1","0.545098","0"
"0.14047","0.669408","-0.0615","1","0.545098","0"
"0.140682","0.659571","-0.0615","1","0.545098","0"
"0.140893","0.649733","-0.0615","1","0.545098","0"
"0.141104","0.639895","-0.0615","1","0.545098","0"
"0.141316","0.630057","-0.0615","1","0.545098","0"
"0.141527","0.62022","-0.0615","1","0.545098","0"
"0.141738","0.610382","-0.0615","1","0.545098","0"
"0.14195","0.600544","-0.0615","1","0.545098","0"
"0.142161","0.590706","-0.0615","1","0.545098","0"
"0.142373","0.580869","-0.0615","1","0.545098","0"
"0.142584","0.571031","-0.0615","1","0.545098","0"
"0.142795","0.561193","-0.0615","1","0.545098","0"
"0.143007","0.551355","-0.0615","1","0.545098","0"
"0.143218","0.541518","-0.0615","1","0.545098","0"
"0.143429","0.53168","-0.0615","1","0.545098","0"
"0.143641","0.521842","-0.0615","1","0.545098","0"
"0.143852","0.512005","-0.0615","1","0.545098","0"
"0.144063","0.502167","-0.0615","1","0.545098","0"
"0.144275","0.492329","-0.0615","1","0.545098","0"
"0.144486","0.482491","-0.0615","1","0.545098","0"
"0.144697","0.472654","-0.0615","1","0.545098","0"
