"tx","ty","tz","r","g","b","a","scale","shape",
"0.7827724767295744","0.046908145537331115","0.0",,,,,,,
"0.7173118473357349","0.32792152132528657","0.0015106432",,,,,,,
"0.7292457558938223","0.4021658094560117","0.006942855",,,,,,,
"0.7946355818406249","0.4864752479678403","0.008789197",,,,,,,
"0.6852927519060689","0.2802852907413313","0.0",,,,,,,
"0.5980749728115415","0.5028850925455678","0.017120622",,,,,,,
"0.60803293102409","0.5606661683418673","0.017837796",,,,,,,
"0.5976237744142185","0.4448691364373477","0.01560998",,,,,,,
"0.7045175156521163","0.5950160107261817","0.014160372",,,,,,,
"0.6613948336135758","0.17552054717189794","0.0",,,,,,,
"0.7348179359954867","0.7779161158586566","0.0102693215",,,,,,,
"0.783901123163008","0.5673908246058793","0.010940718",,,,,,,
"0.8124659392022836","0.36537421815932825","0.00044251163",,,,,,,
"0.4227797284800984","0.12801963551400944","0.017395286",,,,,,,
"0.6487289168730009","0.5448936960306355","0.015945679",,,,,,,
"0.6580508737704178","0.3700550130280301","0.008239872",,,,,,,
"0.6538670651486086","0.2868111587384241","0.0024719615",,,,,,,
"0.6633702553571531","0.5889851483832987","0.015777828",,,,,,,
"0.751935261329641","0.39105020621404657","0.0050659953",,,,,,,
"0.7434529665107843","0.6038315790179322","0.012649729",,,,,,,
"0.6423100382207142","0.6302696550210759","0.016647592",,,,,,,
"0.6482326090728339","0.5355329493624849","0.015808348",,,,,,,
"0.6872726163887075","0.35986435740010436","0.0059815366",,,,,,,
"0.7439169858778851","0.5080009793288531","0.011535821",,,,,,,
"0.7682066133249786","0.3466678171990848","0.00033569848",,,,,,,
"0.7626325131168261","0.6210774072695512","0.011932556",,,,,,,
"0.8275307754438117","0.7394900035999046","0.006820783",,,,,,,
"0.6336992333778897","0.600940440440396","0.016952774",,,,,,,
"0.6572212488030601","0.4140553604539455","0.011032273",,,,,,,
"0.7150424418898874","0.6257367738864162","0.013809415",,,,,,,
"0.7209216209333795","0.5056372708653128","0.012283512",,,,,,,
"0.7759472361720967","0.563383069612662","0.011261159",,,,,,,
"0.45435102605797456","0.376313369375312","0.022827497",,,,,,,
"0.695669894324032","0.24627075463708695","0.0",,,,,,,
"0.9271936060915985","0.6730037998573671","0.0016632334",,,,,,,
"0.7900590925733061","0.750772689009258","0.0083924625",,,,,,,
"0.676413769864126","0.6014365588638255","0.015213245",,,,,,,
"0.7081928857899257","0.5925529035050968","0.014007783",,,,,,,
"0.6181765714199421","0.16746693255642303","0.0",,,,,,,
"0.41592795506457664","0.7962087828211439","0.027664607",,,,,,,
"0.8325377585436449","0.595010982487736","0.00859083",,,,,,,
"0.7896302027227227","0.12840745479412696","0.0",,,,,,,
"0.7748175937996786","0.5776218782450327","0.011322195",,,,,,,
"0.7666932032294077","0.07587114051960413","0.0",,,,,,,
"0.412056467908217","0.1510135295163372","0.019638361",,,,,,,
"0.722403449886381","0.3193878821889876","0.00018310826",,,,,,,
"0.6910740462390855","0.41462408254954236","0.009475852",,,,,,,
"0.6870131328111209","0.5609023315142001","0.01466392",,,,,,,
"0.7138619940865772","0.40414529569024904","0.00764477",,,,,,,
"0.6743716339766704","0.5924570220845795","0.0153505765",,,,,,,
"0.6490411459211367","0.3394149265488498","0.006912337",,,,,,,
"0.7342512292110313","0.6497125796593543","0.012832837",,,,,,,
"0.617460313783666","0.28935814543084504","0.0064698253",,,,,,,
"0.6720524200996698","0.35549273990291225","0.006668193",,,,,,,
"0.4427808809081222","0.1109906884053148","0.014419775",,,,,,,
"0.721574460982308","0.5416268082578626","0.0131075",,,,,,,
"0.7404480502152058","0.515770430178787","0.011886778",,,,,,,
"0.6164100597251947","0.5440470084245375","0.017257953",,,,,,,
"0.7238857186182038","0.33244948242844785","0.00140383",,,,,,,
"0.6050541542631785","0.28941746367582677","0.007629511",,,,,,,
"0.7048765727282229","0.36374329354909213","0.0051728087",,,,,,,
"0.7813827018410775","0.3662836403335255","0.0016479744",,,,,,,
"0.7168426371089813","0.4168111626390701","0.008239872",,,,,,,
"0.7455860497353161","0.596888630403827","0.012649729",,,,,,,
"0.6258198849542701","0.16874671010416653","0.0",,,,,,,
"0.6802890419607058","0.3981036094942516","0.008911269",,,,,,,
"0.7177245110591275","0.2535570835071008","0.0",,,,,,,
"0.627194919967995","0.6379337647614937","0.017334249",,,,,,,
"0.7379027494571672","0.45735164239028264","0.009872587",,,,,,,
"0.7509034792538418","0.3605506500572029","0.0024719615",,,,,,,
"0.6455349679156247","0.6157595579058465","0.016495002",,,,,,,
"0.7108063719568436","0.5651144290664042","0.013839933",,,,,,,
"0.710323416408542","0.44032113608322304","0.009948882",,,,,,,
"0.809257726436717","0.5426949348438723","0.009613184",,,,,,,
"0.5988030243148573","0.5745181834292792","0.018387122",,,,,,,
"0.7637846523619877","0.45493527238208953","0.008636607",,,,,,,
"0.7142073314413494","0.492255925699236","0.012069887",,,,,,,
"0.6671334292433997","0.2989434079010716","0.0024109255",,,,,,,
"0.6932625204706702","0.37455929042495095","0.006408789",,,,,,,
"0.690039746667787","0.2547901391902146","0.0",,,,,,,
"0.7715965247448376","0.2599795981335552","0.0",,,,,,,
"0.7711114447793687","0.4348829675109633","0.0072480356",,,,,,,
"0.6624119463308812","0.5526339484877636","0.01544213",,,,,,,
"0.7887701889314803","0.5896671947503104","0.0108033875",,,,,,,
"0.6808333034594188","0.421814917175407","0.01029984",,,,,,,
"0.6583514494263983","0.328184870732421","0.005493248",,,,,,,
"0.8212340950153975","0.7455436009371559","0.0071412222",,,,,,,
"0.7601622066395222","0.41121506888104165","0.006179904",,,,,,,
"0.6107818304125409","0.4099011481038584","0.013488975",,,,,,,
"0.7315607600235546","0.5424882245502779","0.012664989",,,,,,,
"0.6099104524336482","0.6667628517190639","0.017959869",,,,,,,
"0.7352947543478173","0.670152248628652","0.012619211",,,,,,,
"0.6931709958353279","0.23352382460023433","0.0",,,,,,,
"0.6101067580459363","0.40305540713380117","0.013138018",,,,,,,
"0.7940221338874517","0.6489209829128124","0.010070954",,,,,,,
"0.841747280216885","0.5938826621891768","0.007934691",,,,,,,
"0.6888294645741333","0.3955676277811733","0.008255131",,,,,,,
"0.6126416238645658","0.6486715555315806","0.018051423",,,,,,,
"0.6473072786728069","0.34812535242338705","0.0077363243",,,,,,,
"0.7403565422995627","0.23073000712022226","0.0",,,,,,,
"0.7552199268878645","0.7692475106610277","0.009460594",,,,,,,
"0.6666416413195819","0.404473791789742","0.009964141",,,,,,,
"0.7066228863813518","0.2824092316539839","0.0",,,,,,,
"0.5984832525133347","0.5139708613921128","0.017395286",,,,,,,
"0.7174564786927607","0.5168327116161656","0.0127412835",,,,,,,
"0.6671825013750151","0.4203020432705934","0.010849165",,,,,,,
"0.7640970399787261","0.5205531598543137","0.011093309",,,,,,,
"0.7379838647039103","0.39587630402643065","0.0060425727",,,,,,,
"0.6503424417694217","0.2761417180705157","0.0018921187",,,,,,,
"0.7528129084596658","0.44200840730798613","0.008453499",,,,,,,
"0.6500983232221379","0.3063329016299","0.0043488215",,,,,,,
"0.7770333211872884","0.6727688070742699","0.010650798",,,,,,,
"0.7093480970905928","0.3823010662518268","0.006164645",,,,,,,
"0.7278735885592772","0.5879140059001183","0.01326009",,,,,,,
"0.6662472789175646","0.23830864724408096","0.0",,,,,,,
"0.7287035311041133","0.5983401520483841","0.0132753495",,,,,,,
"0.6380199137463354","0.6382340986844873","0.016784925",,,,,,,
"0.7300564432899125","0.4632729100043011","0.010360876",,,,,,,
"0.5923994009748053","0.5659373925230682","0.018631266",,,,,,,
"0.6757888659464092","0.5393042667611164","0.0148165105",,,,,,,
"0.7324902754962099","0.3345563064385991","0.0009613184",,,,,,,
"0.6113971913328405","0.4007403337141534","0.012970169",,,,,,,
"0.7864702254215289","0.32839416741709715","0.0",,,,,,,
"0.6060232927434503","0.571338373121114","0.017975127",,,,,,,
"0.46943445212325463","0.3848690658220983","0.022018768",,,,,,,
"0.7304978465212744","0.47178456133979674","0.010711834",,,,,,,
"0.6493336639342636","0.5950176806187094","0.016281376",,,,,,,
"0.6580730092401729","0.36644655336487125","0.007980469",,,,,,,
"0.7098076319352323","0.4328584117733428","0.009506371",,,,,,,
"0.7216979773424705","0.4404714288282559","0.009475852",,,,,,,
"0.6694293008814742","0.34756671924623406","0.0061036088",,,,,,,
"0.6119512758223435","0.11401081961711443","0.0",,,,,,,
"0.8260636653237844","0.19078400010938415","0.0",,,,,,,
"0.6706009590962474","0.574913291545611","0.015396353",,,,,,,
"0.4751372950441281","0.5466159590210813","0.024719616",,,,,,,
"0.7612230167906537","0.46679274574336826","0.00935378",,,,,,,
"0.8935207117106287","0.6168517150815807","0.0044708936",,,,,,,
"0.6089324600429379","0.26730470410242185","0.005706874",,,,,,,
"0.7365293640846667","0.36275535877558257","0.003555352",,,,,,,
"0.6425111256315933","0.652365148740647","0.01655604",,,,,,,
"0.6046051117963238","0.2247288689382595","0.0031738766",,,,,,,
"0.5986799615629219","0.5749130382366663","0.018387122",,,,,,,
"0.93130636093868","0.8080215040973171","0.00012207218",,,,,,,
"0.6616353558834633","0.5759957924678204","0.015701534",,,,,,,
"0.7208095109994812","0.1464314604910478","0.0",,,,,,,
"0.6540731559634636","0.5908496850197842","0.016113527",,,,,,,
"0.5986687946507362","0.4122299812972494","0.01420615",,,,,,,
"0.6537607768358277","0.5613931824635868","0.015854124",,,,,,,
"0.8158159439849187","0.3929326989745843","0.0026092927",,,,,,,
"0.6079801167691925","0.29801140715209795","0.0077363243",,,,,,,
"0.6253220090280014","0.5335282804436267","0.016723888",,,,,,,
"0.6896335275917227","0.0408739530432261","0.0",,,,,,,
"0.1178517251762499","0.5232401760239509","0.016464485",,,,,,,
"0.6353581462395713","0.5753088871846066","0.016815443",,,,,,,
"0.7427108222063278","0.4965975613390705","0.011322195",,,,,,,
"0.76162362632414","0.4952176541692359","0.0104676895",,,,,,,
"0.6806951893036874","0.5549159190801064","0.014709697",,,,,,,
"0.7088185381747623","0.22731880982450897","0.0",,,,,,,
"0.6802022162021091","0.35967471694934483","0.0064698253",,,,,,,
"0.4709703024879417","0.39896565321516525","0.022278173",,,,,,,
"0.7793812450518741","0.34018868878892894","0.0",,,,,,,
"0.6502275105975717","0.4051681519886168","0.010818646",,,,,,,
"0.830597597475559","0.3955701896015583","0.0023346303",,,,,,,
"0.6712111508353438","0.6494178099168605","0.015381094",,,,,,,
"0.7479244895821848","0.45525401949489863","0.009231708",,,,,,,
"0.5908274885197831","0.5181446829727658","0.017853055",,,,,,,
"0.7216762769654971","0.27499982962883585","0.0",,,,,,,
"0.7020949167513709","0.39191214649236567","0.007400626",,,,,,,
"0.6318373953174659","0.6220719308445186","0.0171664",,,,,,,
"0.7342980337692186","0.48150792332479436","0.011047532",,,,,,,
"0.7476788107807446","0.5427115196840203","0.012085145",,,,,,,
"0.6643662949843595","0.1924939733026207","0.0",,,,,,,
"0.7056866999764018","0.5235746315440145","0.013366903",,,,,,,
"0.6919589132786685","0.6354167678118869","0.014694438",,,,,,,
"0.6066469668256657","0.5701742906810089","0.017929351",,,,,,,
"0.7582711336227779","0.1960383125996436","0.0",,,,,,,
"0.5956453074684064","0.6219595585756874","0.018860152",,,,,,,
"0.597867551907536","0.3782491021370724","0.012939651",,,,,,,
"0.7909153944358471","0.29959795102744874","0.0",,,,,,,
"0.6686664551271642","0.5972963832150295","0.015518425",,,,,,,
"0.7778550200222286","0.422473787487744","0.0063630124",,,,,,,
"0.8223602629733715","0.5506790646522511","0.008926528",,,,,,,
"0.7162714172094392","0.6089126667574282","0.013717861",,,,,,,
"0.6586868345688899","0.39193115101387044","0.009704738",,,,,,,
"0.595062937984718","0.6081866475830463","0.018814374",,,,,,,
"0.7461990146472918","0.47067172465536417","0.010131991",,,,,,,
"0.715774826053723","0.5767079041343255","0.013656825",,,,,,,
"0.43193039240765685","0.10181421949886514","0.014831769",,,,,,,
"0.6534241355334585","0.35533642604750665","0.0077058063",,,,,,,
"0.8293694116669131","0.2295691483463617","0.0",,,,,,,
"0.7717610254263271","0.5946529937098392","0.011505303",,,,,,,
"0.6157757604535404","0.3710630036258493","0.011367971",,,,,,,
"0.6814196239311355","0.5930053855141804","0.015045396",,,,,,,
"0.7694095412158278","0.2911924196036042","0.0",,,,,,,
"0.6112028328405363","0.6260099685546345","0.01808194",,,,,,,
"0.7884189465840216","0.4212963281583944","0.0056610974",,,,,,,
"0.7270798528817946","0.08945832395092526","0.0",,,,,,,
"0.6287230708926423","0.5419309692118969","0.01669337",,,,,,,
"0.7854575143036288","0.46252952363749605","0.00827039",,,,,,,
"0.7426287016134762","0.5667466424217562","0.012680247",,,,,,,
"0.7619712493566893","0.5854967668459002","0.01200885",,,,,,,
"0.6926553728373765","0.6219087325697541","0.014602884",,,,,,,
"0.7900721121085096","0.5599292455499868","0.010528726",,,,,,,
"0.7695365156979964","0.637432022609735","0.011444267",,,,,,,
"0.6768550068867277","0.34690022325814157","0.005294881",,,,,,,
"0.7108227836444174","0.3327988966654348","0.0023346303",,,,,,,
"0.6521572620213822","0.5793138215438767","0.016189823",,,,,,,
"0.6589893684988282","0.22050811880574595","0.0",,,,,,,
"0.6133388560167465","0.49980867240340304","0.016464485",,,,,,,
"0.5958596067596845","0.3425651851333719","0.01123064",,,,,,,
"0.8171461056735411","0.18947967491326131","0.0",,,,,,,
"0.6424288599525975","0.6608523595910949","0.016510261",,,,,,,
"0.6218513330576548","0.5513237822887964","0.017044328",,,,,,,
"0.4556395280152769","0.37602906381449097","0.022827497",,,,,,,
"0.6737771572758996","0.559130094612893","0.015106432",,,,,,,
"0.6530628876219012","0.1914899571731238","0.0",,,,,,,
"0.7114417995573563","0.187783310011588","0.0",,,,,,,
"0.7256228948982334","0.7388938714186807","0.011657893",,,,,,,
"0.7095926219476903","0.5124807482110295","0.012924392",,,,,,,
"0.8292362561044461","0.48063051112350286","0.0073090717",,,,,,,
"0.7866392603132786","0.6408754892909156","0.010528726",,,,,,,
"0.7920603695068057","0.3454324067361378","0.0",,,,,,,
"0.7632564307904087","0.1241491361154659","0.0",,,,,,,
"0.6328813406143905","0.5364359211414207","0.016449226",,,,,,,
"0.7499250060710644","0.5573196271222118","0.012298772",,,,,,,
"0.6244261567610848","0.060177393920533305","0.0",,,,,,,
"0.7076576615459501","0.16618649380615702","0.0",,,,,,,
"0.6152182294119773","0.15867034126788987","0.0",,,,,,,
"0.7467575272204904","0.5824299307261492","0.012619211",,,,,,,
"0.7848897182725573","0.5785119171576776","0.010986496",,,,,,,
"0.6414835256896247","0.6005381672084554","0.016632333",,,,,,,
"0.6827634469982425","0.6317331434303218","0.015030136",,,,,,,
"0.7537566637066964","0.7287387673878774","0.010650798",,,,,,,
"0.5921905055698227","0.6388313093615691","0.019073777",,,,,,,
"0.7004419344767202","0.4572080704927239","0.011245899",,,,,,,
"0.7284263045606989","0.7248629561046348","0.011764706",,,,,,,
"0.6393485146070238","0.5169386460287","0.015732052",,,,,,,
"0.6849125370250263","0.5417025204219673","0.014389258",,,,,,,
"0.774325584145917","0.08262535709219958","0.0",,,,,,,
"0.6049985611183832","0.5413509241443755","0.017730983",,,,,,,
"0.6635448810479049","0.35832943626830255","0.0071869995",,,,,,,
"0.6443405276935538","0.5494304642863758","0.016159303",,,,,,,
"0.6840746764989499","0.623057799050191","0.015060655",,,,,,,
"0.5754326730270072","0.598293272520104","0.019760434",,,,,,,
"0.8175496862128125","0.27759110396668496","0.0",,,,,,,
"0.40813478192474295","0.14756013046998415","0.019668879",,,,,,,
"0.9164581896861005","0.6515893279386213","0.0024414435",,,,,,,
"0.8419095682963016","0.7449822919712323","0.0059052417",,,,,,,
"0.7238562538500262","0.15720747524472614","0.0",,,,,,,
"0.6515284823120782","0.5446620142622508","0.015777828",,,,,,,
"0.7296380286400542","0.5242773245588487","0.012512398",,,,,,,
"0.7985713889685652","0.6116692264040422","0.010162509",,,,,,,
"0.8318225967590305","0.28432340550402707","0.0",,,,,,,
"0.7311582074386312","0.12137693249209835","0.0",,,,,,,
"0.5949320533205676","0.5375775253457996","0.018036164",,,,,,,
"0.5984835175436354","0.16375632271386065","0.0",,,,,,,
"0.7485219434240741","0.059758091138553675","0.0",,,,,,,
"0.7773604111085063","0.12618653457890772","0.0",,,,,,,
"0.7165850223400577","0.1326714659835542","0.0",,,,,,,
"0.6458978860489374","0.5707949210267804","0.016281376",,,,,,,
"0.6676073944857611","0.3304957303003113","0.0048981463",,,,,,,
"0.7239620464542107","0.5789372187366075","0.013382162",,,,,,,
"0.6317268917554785","0.6593015905677961","0.017044328",,,,,,,
"0.7113579210458321","0.5750694025956988","0.0139467465",,,,,,,
"0.6530690789128349","0.5693602165698863","0.01593042",,,,,,,
"0.7278546036446681","0.352742382142308","0.0029449912",,,,,,,
"0.7347127634087123","0.5495417374902617","0.012787061",,,,,,,
"0.6312622434941852","0.5934081928462465","0.017090105",,,,,,,
"0.7481035584394845","0.6136462584268466","0.012466621",,,,,,,
"0.7139847569155248","0.45732923414822685","0.01077287",,,,,,,
"0.8217029110450067","0.48331555054545633","0.0074769207",,,,,,,
"0.7332352909952997","0.50417801836993","0.01185626",,,,,,,
"0.7772261022625847","0.7464666074660052","0.009216449",,,,,,,
"0.7949726815516822","0.3828151982960613","0.002716106",,,,,,,
"0.721329418707899","0.6626819432600995","0.013183795",,,,,,,
"0.7630632261228802","0.2692620951835632","0.0",,,,,,,
"0.761359398644205","0.4509879569880111","0.00859083",,,,,,,
"0.5927251906946508","0.5224224323904961","0.017929351",,,,,,,
"0.6582101262770885","0.34383334185564035","0.0066224155",,,,,,,
"0.7263485906395251","0.47933193543308283","0.011184863",,,,,,,
"0.7960864208497276","0.1875450352279757","0.0",,,,,,,
"0.7157088222242161","0.5179550734603415","0.012893873",,,,,,,
"0.7376856707166175","0.4827464382943877","0.010910201",,,,,,,
"0.730480827387165","0.14933505200778804","0.0",,,,,,,
"0.7438820628908154","0.37151064667605027","0.0038452735",,,,,,,
"0.6019809115917788","0.18978167517928485","0.0011139086",,,,,,,
"0.6001066870102117","0.07950712646662968","0.0",,,,,,,
"0.8043485424517294","0.7905507612005248","0.0066529335",,,,,,,
"0.6255503163158357","0.5873121983791396","0.017410545",,,,,,,
"0.6832514220368946","0.571882896923755","0.014923324",,,,,,,
"0.6643709451526919","0.20081635943740891","0.0",,,,,,,
"0.6862558519533005","0.3158828627498823","0.0025329976",,,,,,,
"0.6165164050866072","0.5629407607232382","0.017532617",,,,,,,
"0.7281836664346104","0.6539170105418154","0.012954909",,,,,,,
"0.7542398874753732","0.08991030118911113","0.0",,,,,,,
"0.6230224421273625","0.6551133992891244","0.017441062",,,,,,,
"0.5985173599155944","0.5036929905112437","0.017120622",,,,,,,
"0.8599259032676619","0.6045353048697089","0.006912337",,,,,,,
"0.6438580697147368","0.5836650637273767","0.01654078",,,,,,,
"0.6622393719531647","0.6102325107391287","0.015838865",,,,,,,
"0.6351857631218675","0.5838424357846248","0.016876478",,,,,,,
"0.7798546280821231","0.4328104060640315","0.0067139696",,,,,,,
"0.814058631512868","0.6274181416469271","0.009246968",,,,,,,
"0.5977957644950189","0.19630583507987182","0.0021972992",,,,,,,
"0.8287035005285941","0.38488025911954976","0.0015564202",,,,,,,
"0.6725289006813835","0.33557967981667164","0.004943923",,,,,,,
"0.6115316724618264","0.41050955239930637","0.013488975",,,,,,,
"0.7179977294757595","0.3041367387588827","0.0",,,,,,,
"0.5908699247132199","0.6554622302332385","0.01904326",,,,,,,
"0.7352353131609713","0.21883911105692658","0.0",,,,,,,
"0.7216163620959439","0.469185211841404","0.011001755",,,,,,,
"0.7979745203819395","0.2363949684720962","0.0",,,,,,,
"0.7173100559442488","0.33851253121874103","0.0022125582",,,,,,,
"0.7554851158488388","0.429764021162723","0.007614252",,,,,,,
"0.7052308474123096","0.27356955474449657","0.0",,,,,,,
"0.7180183027799583","0.2149600069621486","0.0",,,,,,,
"0.7366934681891617","0.26480480495203274","0.0",,,,,,,
"0.67184844242923","0.534662723336331","0.0148165105",,,,,,,
"0.7156908455018914","0.36963039206982745","0.004852369",,,,,,,
"0.6670918208506126","0.5685194133875244","0.015487907",,,,,,,
"0.7421787745552769","0.2464335844759855","0.0",,,,,,,
"0.8105289667219259","0.5121686010380639","0.008941787",,,,,,,
"0.7051223538712594","0.6518096875478114","0.0139467465",,,,,,,
"0.6048841366252367","0.5170528775164764","0.017288473",,,,,,,
"0.5962979398386802","0.19474677926868544","0.0021972992",,,,,,,
"0.7864387627450942","0.23928610201545963","0.0",,,,,,,
"0.6572513045938388","0.2944622606741495","0.002746624",,,,,,,
"0.7185913717731218","0.09272687516501942","0.0",,,,,,,
"0.6803282860327927","0.25780714785906933","0.0",,,,,,,
"0.6341418412413851","0.6123524314602342","0.01699855",,,,,,,
"0.7067653241218366","0.2963176311143826","0.0",,,,,,,
"0.6181412277343912","0.2584338280529657","0.0038910506",,,,,,,
"0.6160727869722105","0.27349238832193384","0.005416953",,,,,,,
"0.6036511777461309","0.6047828436208257","0.01840238",,,,,,,
"0.6671562067186153","0.15729504464842844","0.0",,,,,,,
"0.7521796372990851","0.645873672557636","0.012054628",,,,,,,
"0.6171537345314858","0.6332652213392891","0.017898833",,,,,,,
"0.9268522362281314","0.7378272157522888","0.0011291676",,,,,,,
"0.7873652198335231","0.5029064055243726","0.009643702",,,,,,,
"0.7976487843545775","0.3053058027080935","0.0",,,,,,,
"0.7696217132144539","0.23085593516872202","0.0",,,,,,,
"0.7240615122479737","0.5758312289295606","0.013351644",,,,,,,
"0.8308969108976513","0.7699127942030567","0.005966278",,,,,,,
"0.6852915198353573","0.38198557116917004","0.007400626",,,,,,,
"0.7217599952487798","0.3909147224509792","0.0064545665",,,,,,,
"0.7134259741169595","0.21837473620668693","0.0",,,,,,,
"0.7033471099393154","0.47008887566674074","0.011749447",,,,,,,
"0.7037684761552957","0.35116170612823533","0.004135195",,,,,,,
"0.6605084405705117","0.5975733945471382","0.015976196",,,,,,,
"0.7665019780146942","0.567682832354467","0.011779965",,,,,,,
"0.8851355174354487","0.7721828302464362","0.0029602502",,,,,,,
"0.8494771621060114","0.5500147007576269","0.0074464027",,,,,,,
"0.7119391622058989","0.20699955431917902","0.0",,,,,,,
"0.6378968508832151","0.5560281104373325","0.016433967",,,,,,,
"0.9275669939919418","0.7480978419106626","0.0010070954",,,,,,,
"0.6088564950890735","0.5170165930793301","0.017105363",,,,,,,
"0.8361899137354556","0.33099012213338014","0.0",,,,,,,
"0.6747228335452065","0.6123062740113769","0.015381094",,,,,,,
"0.6592870546336905","0.2656830657356152","0.0004882887",,,,,,,
"0.6777810650814947","0.34126291322326885","0.0049897004",,,,,,,
"0.8266273188878326","0.4084329375014447","0.0033417258",,,,,,,
"0.7228490128093402","0.18737137975233836","0.0",,,,,,,
"0.7167114788653952","0.24297556985004237","0.0",,,,,,,
"0.9359333288096701","0.8945367953577774","0.0",,,,,,,
"0.880210040677092","0.7596942393576137","0.0036163882",,,,,,,
"0.7448509829595643","0.7776565465110522","0.009750515",,,,,,,
"0.6605901831166262","0.22242544710430484","0.0",,,,,,,
"0.7261953304973509","0.2509328257987429","0.0",,,,,,,
"0.4794960815107764","0.2975377012544018","0.019867247",,,,,,,
"0.7750973497104151","0.06941570434985989","0.0",,,,,,,
"0.6802682784779379","0.6138298437638076","0.015228504",,,,,,,
"0.7739272578958362","0.41375313129785196","0.005996796",,,,,,,
"0.6571729599595687","0.10539404312416784","0.0",,,,,,,
"0.7531387700135297","0.3914519791994486","0.0050659953",,,,,,,
"0.7598583818267212","0.05589630700225608","0.0",,,,,,,
"0.6652050473330297","0.2751212124319188","0.0004272526",,,,,,,
"0.737878720184416","0.4913545761353938","0.011200123",,,,,,,
"0.7495648285136174","0.7535525136079088","0.010238804",,,,,,,
"0.7177877272289728","0.6306869918335616","0.013626306",,,,,,,
"0.7650824870262102","0.04624160614228083","0.0",,,,,,,
"0.8012726646401304","0.630963489762265","0.010025177",,,,,,,
"0.7140676380131343","0.07192516684762369","0.0",,,,,,,
"0.7513053621131698","0.3747898061000504","0.0038147555",,,,,,,
"0.6085429065232246","0.08849900218792413","0.0",,,,,,,
"0.6718972208572083","0.6690442400233273","0.015197986",,,,,,,
"0.5898965241010663","0.666605026552142","0.019211108",,,,,,,
"0.6241596663475498","0.19163214321647276","0.0",,,,,,,
"0.7062243040304838","0.5538005300909591","0.013855192",,,,,,,
"0.731008398061241","0.5789857515851826","0.013229572",,,,,,,
"0.6740472971660814","0.18789990272019996","0.0",,,,,,,
"0.6677355433989978","0.6597927264936827","0.015487907",,,,,,,
"0.7478415228645808","0.46401224691012777","0.009628443",,,,,,,
"0.7061728021088537","0.47310714916894026","0.011764706",,,,,,,
"0.848904005497889","0.6027014527442279","0.00764477",,,,,,,
"0.6041812676763414","0.4376822661961984","0.015030136",,,,,,,
"0.8828311635454569","0.6544861978251302","0.004882887",,,,,,,
"0.7828763340228562","0.6208430263280422","0.010879682",,,,,,,
"0.728397532797178","0.6322528338547309","0.013153277",,,,,,,
"0.6038040022973596","0.34089802004045233","0.010589762",,,,,,,
"0.6085703582264054","0.5018585149478929","0.016754406",,,,,,,
"0.6606834265525059","0.36648083114555413","0.007980469",,,,,,,
"0.6521343193615741","0.3777247677608434","0.009231708",,,,,,,
"0.6360503857812877","0.5894215752196618","0.016891737",,,,,,,
"0.7230971549360132","0.3686661132171409","0.004654002",,,,,,,
"0.7453665353632876","0.4086097553678497","0.0065461206",,,,,,,
"0.7245350798384248","0.3957906468168392","0.0065613794",,,,,,,
"0.7249275706493451","0.5895737535966864","0.0134126805",,,,,,,
"0.7096279963630698","0.27073086266307056","0.0",,,,,,,
"0.6855103873959382","0.5371004748215578","0.014312963",,,,,,,
"0.6583294837585054","0.40072101835857116","0.010162509",,,,,,,
"0.6834429769039576","0.5818946390550473","0.01498436",,,,,,,
"0.6089236991937811","0.5387390713541692","0.017486839",,,,,,,
"0.7202747308000557","0.6168642354249012","0.013550011",,,,,,,
"0.6791638132697889","0.1947961683801748","0.0",,,,,,,
"0.758361921326996","0.5632196274021862","0.012069887",,,,,,,
"0.6878530560536259","0.18852466455328215","0.0",,,,,,,
"0.7495743502656049","0.28663719590387093","0.0",,,,,,,
"0.7552699884608627","0.22722520352759712","0.0",,,,,,,
"0.7584540351523558","0.2846207415819874","0.0",,,,,,,
"0.5950310645821383","0.6486374773269239","0.018860152",,,,,,,
"0.7900511395245617","0.7381392323989485","0.0088654915",,,,,,,
"0.6901934634312391","0.2918471002118389","0.0",,,,,,,
"0.8044135672318729","0.6295838508692171","0.00982681",,,,,,,
"0.7416358987130757","0.6280239228413523","0.012710765",,,,,,,
"0.665516014632935","0.26042281628753067","0.0",,,,,,,
"0.828383905089064","0.6631017896033217","0.0081940945",,,,,,,
"0.7639309872728763","0.335824443529633","0.0",,,,,,,
"0.7809985772913206","0.3868580606418192","0.0036469062",,,,,,,
"0.7884709562445936","0.28075248424186394","0.0",,,,,,,
"0.684007339684346","0.37253726140205135","0.007080186",,,,,,,
"0.6803459048848955","0.6393118268088669","0.01513695",,,,,,,
"0.7413570247880775","0.658321135834009","0.012420844",,,,,,,
"0.8771433520872962","0.6224438908774726","0.005477989",,,,,,,
"0.8137612015217044","0.19647742050011519","0.0",,,,,,,
"0.753950720537462","0.20976484078058796","0.0",,,,,,,
"0.7076283509921771","0.6190264398676479","0.0141451135",,,,,,,
"0.5764448213817539","0.5535695758821542","0.019241627",,,,,,,
"0.7464658576181722","0.39807645626165117","0.0059815366",,,,,,,
"0.8185573975383942","0.6508868685198899","0.008789197",,,,,,,
"0.7744389118185955","0.5016173017363221","0.0102693215",,,,,,,
"0.7619230235670333","0.5902679172927168","0.01200885",,,,,,,
"0.6707227737302884","0.3080322755149546","0.002731365",,,,,,,
"0.5953331416798044","0.43502582787301325","0.015335317",,,,,,,
"0.7843741770596993","0.11917430997126832","0.0",,,,,,,
"0.7756659307664654","0.5099651033423266","0.010330358",,,,,,,
"0.7136485339084983","0.6642953275248147","0.013504234",,,,,,,
"0.7664627905821512","0.759878764684095","0.009338521",,,,,,,
"0.7167747013324436","0.3798233196269401","0.0057679103",,,,,,,
"0.7683191533116815","0.46468226291938725","0.008880751",,,,,,,
"0.7781602630435477","0.47517189163146895","0.009109636",,,,,,,
"0.7705497163660022","0.6119263081746191","0.011459526",,,,,,,
"0.7956705220850776","0.3752433001237364","0.002059968",,,,,,,
"0.7971547802450525","0.30458116276143576","0.0",,,,,,,
"0.6463005362265054","0.605740511235993","0.016479744",,,,,,,
"0.7041435472060068","0.4820698692741591","0.012069887",,,,,,,
"0.7195543289907731","0.6412668896280062","0.013534753",,,,,,,
"0.7308524214985583","0.6239840936241463","0.013199054",,,,,,,
"0.7681419675726171","0.6908687415756045","0.010742351",,,,,,,
"0.709731837101694","0.4430708224860848","0.010162509",,,,,,,
"0.7605684360924921","0.4204109945410247","0.0067139696",,,,,,,
"0.6280703153608039","0.5436566884356775","0.016754406",,,,,,,
"0.7360364018160701","0.4501443482689464","0.009491112",,,,,,,
"0.8263672422973023","0.22554276828418562","0.0",,,,,,,
"0.7964171044653553","0.061765109106765706","0.0",,,,,,,
"0.6652343243496496","0.24557528230930406","0.0",,,,,,,
"0.7199161105587147","0.5346635089419514","0.012954909",,,,,,,
"0.8185634368850137","0.5187953354212026","0.008667124",,,,,,,
"0.818144284999473","0.5300970888006393","0.008880751",,,,,,,
"0.6511653483787782","0.8798612115353995","0.010849165",,,,,,,
"0.8736224766622082","0.6727637008127078","0.0051728087",,,,,,,
"0.6104147026067951","0.58689101463313","0.01794461",,,,,,,
"0.7982350765790328","0.20536115898658064","0.0",,,,,,,
"0.7065288947427534","0.10799317852477894","0.0",,,,,,,
"0.7226864994096058","0.3536771935618974","0.0033569848",,,,,,,
"0.7121040662832394","0.46674972051417374","0.011139086",,,,,,,
"0.6779950966517784","0.15553424667483187","0.0",,,,,,,
"0.7765237537145878","0.6456420086063797","0.011001755",,,,,,,
"0.7845532242812563","0.07938744131712457","0.0",,,,,,,
"0.6732328202723814","0.1681071920770918","0.0",,,,,,,
"0.8151403006996965","0.5609840626566771","0.009414816",,,,,,,
"0.7329166883203934","0.20582885035905316","0.0",,,,,,,
"0.6695261735985482","0.36735703634890365","0.007507439",,,,,,,
"0.6617015406183119","0.3501947690894675","0.0066376748",,,,,,,
"0.5972037853365918","0.29481002013902546","0.008636607",,,,,,,
"0.7929961886188742","0.6126871882809463","0.010559243",,,,,,,
"0.6752219386272721","0.407923556173759","0.009781033",,,,,,,
"0.7843944346622654","0.5255370634539321","0.010391394",,,,,,,
"0.7977857210073842","0.250088486372575","0.0",,,,,,,
"0.6894725833493065","0.26620187834308784","0.0",,,,,,,
"0.7338707448201452","0.6128752509690529","0.013092241",,,,,,,
"0.600627062902307","0.61658312312475","0.018646525",,,,,,,
"0.725816980694417","0.23838548594616732","0.0",,,,,,,
"0.7397933103265395","0.2989057018514922","0.0",,,,,,,
"0.6859728757949779","0.22335809254368916","0.0",,,,,,,
"0.926794568258255","0.6554123716915147","0.0018310826",,,,,,,
"0.18140558799649495","0.5225674917965225","0.02278172",,,,,,,
"0.7071159135910411","0.4912957881424759","0.012359808",,,,,,,
"0.21301989010703834","0.7713434908742013","0.028046083",,,,,,,
"0.7585424725925094","0.16787051451403237","0.0",,,,,,,
"0.6665579149049701","0.1495391423325801","0.0",,,,,,,
"0.7876462738503653","0.2706178933998519","0.0",,,,,,,
"0.7466717583252626","0.3802891789453062","0.0044861524",,,,,,,
"0.7902128346426589","0.39606212422640863","0.003952087",,,,,,,
"0.6350757351301592","0.6522508251839331","0.016922256",,,,,,,
"0.7371499594799386","0.3859233676498977","0.0051422906",,,,,,,
"0.8718312463302597","0.7500412281228576","0.0042877854",,,,,,,
"0.7147090569393845","0.4841986152386053","0.011779965",,,,,,,
"0.6099340241023545","0.39036992613115645","0.012863356",,,,,,,
"0.704260337080355","0.4212169138635926","0.008987564",,,,,,,
"0.81193584665962","0.7475274899311555","0.007431144",,,,,,,
"0.6844112728822025","0.38936280791497","0.008148318",,,,,,,
"0.70716077588978","0.6446886107613974","0.014007783",,,,,,,
"0.7301303825811529","0.3063691592596272","0.0",,,,,,,
"0.7699641299050306","0.5399665978150384","0.011322195",,,,,,,
"0.716664105300534","0.24094984888228138","0.0",,,,,,,
"0.6757465979957005","0.5841655557108333","0.015304799",,,,,,,
"0.6590429880002663","0.5827968649298502","0.01591516",,,,,,,
"0.7889264392631029","0.3474514740390601","0.0",,,,,,,
"0.9411421559311338","0.920368264454845","0.0",,,,,,,
"0.6808287794995063","0.6035717159106445","0.015075914",,,,,,,
"0.6824087203254854","0.10449516574580373","0.0",,,,,,,
"0.6013029942941932","0.5568861397632326","0.018158237",,,,,,,
"0.9348612899020116","0.8000617135537739","1.5259022e-05",,,,,,,
"0.7214081151302956","0.556949039865248","0.013321126",,,,,,,
"0.7288903932656045","0.13074261716082947","0.0",,,,,,,
"0.6182213738701294","0.10535513059366665","0.0",,,,,,,
"0.7513404523958567","0.6854124765188118","0.011520562",,,,,,,
"0.6070811945298549","0.6388122889163349","0.01826505",,,,,,,
"0.7261338156962152","0.34108477204865134","0.002105745",,,,,,,
"0.7843298073293831","0.37659253230339584","0.0025177386",,,,,,,
"0.7228253329660305","0.17409869832399902","0.0",,,,,,,
"0.5986830673402254","0.22876439790892378","0.0039368276",,,,,,,
"0.7498242053849425","0.6278437295799164","0.012375067",,,,,,,
"0.8071456479796089","0.5389341763417255","0.009552148",,,,,,,
"0.6888253615363903","0.41990518717259195","0.009704738",,,,,,,
"0.7281200563581166","0.38198570427439676","0.0052033267",,,,,,,
"0.6968386987214457","0.18559547165062298","0.0",,,,,,,
"0.6021889964251238","0.059921130402955165","0.0",,,,,,,
"0.7092883692231025","0.4097980965772215","0.008072022",,,,,,,
"0.6715411734385508","0.20102777137540198","0.0",,,,,,,
"0.7860459602404155","0.18316874017840754","0.0",,,,,,,
"0.430866967581508","0.21786094877334786","0.021255817",,,,,,,
"0.7202775796945581","0.49629999082250514","0.012039368",,,,,,,
"0.7084379401705406","0.343560690107829","0.0033417258",,,,,,,
"0.7935554249608453","0.5078036671996768","0.009582666",,,,,,,
"0.840437182172028","0.7345318225512011","0.006347753",,,,,,,
"0.7560395085561818","0.6019044110006496","0.0121767",,,,,,,
"0.700308006748343","0.4417119684035362","0.010482948",,,,,,,
"0.6756871684001836","0.5737688997349966","0.015228504",,,,,,,
"0.8274588499866773","0.34064048411569525","0.0",,,,,,,
"0.6654659213033126","0.6045824313420332","0.015686275",,,,,,,
"0.6394785248934053","0.6454602662452691","0.016754406",,,,,,,
"0.7340562947837123","0.5645010822211055","0.012970169",,,,,,,
"0.7284704350048355","0.6183087437342017","0.013229572",,,,,,,
"0.6469999127882144","0.39518113331276356","0.010620279",,,,,,,
"0.445132673568133","0.13616007904724398","0.015976196",,,,,,,
"0.8375637833194476","0.2946189903256107","0.0",,,,,,,
"0.820761809141095","0.3101110259482661","0.0",,,,,,,
"0.7783654500702908","0.5018791951866182","0.009948882",,,,,,,
"0.5939585285169636","0.23889042136379712","0.0056610974",,,,,,,
"0.913371063555833","0.6289157792990827","0.0029602502",,,,,,,
"0.7157877282778727","0.7381670106707379","0.01200885",,,,,,,
"0.7675473324051438","0.7293774311779865","0.009948882",,,,,,,
"0.6711933850004661","0.39809758009305407","0.00952163",,,,,,,
"0.782123553093838","0.5171565373154517","0.010376135",,,,,,,
"0.7693593190824407","0.41385805878261983","0.006149386",,,,,,,
"0.8244217258231082","0.33379419327126575","0.0",,,,,,,
"0.6528195090941291","0.1766418831231188","0.0",,,,,,,
"0.7854871620718946","0.2219764249290162","0.0",,,,,,,
"0.8107900625954007","0.43615238946970464","0.005737392",,,,,,,
"0.5999686112598853","0.42884551340019733","0.0148165105",,,,,,,
"0.6694724615537829","0.21618750143562954","0.0",,,,,,,
"0.5942068876917582","0.5532754176423154","0.018280309",,,,,,,
"0.657444214296369","0.15517663702914897","0.0",,,,,,,
"0.7109146908318686","0.34720530863251076","0.0036774243",,,,,,,
"0.7854000586985789","0.7316296883733949","0.009140154",,,,,,,
"0.6799002641375046","0.6540893668570074","0.015030136",,,,,,,
"0.7071565951475572","0.4062626579528554","0.008255131",,,,,,,
"0.7667822149974791","0.6572189974529282","0.01123064",,,,,,,
"0.6052053417439143","0.14845781548505468","0.0",,,,,,,
"0.591326131743866","0.5113991362506984","0.017685207",,,,,,,
"0.23518693238818814","0.31803086091429067","0.022827497",,,,,,,
"0.650457021329281","0.6698429306435666","0.016052492",,,,,,,
"0.7515485277862737","0.41519421798517636","0.006759747",,,,,,,
"0.7699901554433684","0.49527756928123245","0.010162509",,,,,,,
"0.6567296674405266","0.35795409207049644","0.0077058063",,,,,,,
"0.7907646496262702","0.5728422465198959","0.01060502",,,,,,,
"0.3190639093719494","0.11500215983113299","0.020935379",,,,,,,
"0.7565191816882127","0.5042975579185454","0.010986496",,,,,,,
"0.76081820108065","0.515783088905366","0.011047532",,,,,,,
"0.6891240674803166","0.5912350901027867","0.014755474",,,,,,,
"0.6353828757903599","0.6288044360128405","0.01699855",,,,,,,
"0.2452883552021766","0.1894968335773488","0.023193713",,,,,,,
"0.5958841176136098","0.21288731381620876","0.0033264668",,,,,,,
"0.7778533064050384","0.2789180398584577","0.0",,,,,,,
"0.8230058726887509","0.502495498029306","0.008102541",,,,,,,
"0.7442432030038133","0.1688592534524318","0.0",,,,,,,
"0.6215020799945035","0.11441155315520433","0.0",,,,,,,
"0.728833084552832","0.414059754615292","0.0077363243",,,,,,,
"0.8268517095718814","0.5133802696027814","0.008209354",,,,,,,
"0.6921441982355747","0.21798766694268443","0.0",,,,,,,
"0.7198857077022413","0.5249449217901249","0.012787061",,,,,,,
"0.63831889039101","0.6685918331542425","0.016586557",,,,,,,
"0.5943526224434248","0.31017936360569154","0.009536888",,,,,,,
"0.5930453735556315","0.6706642195760583","0.018982224",,,,,,,
"0.7238882421196349","0.48055963478351155","0.0113374535",,,,,,,
"0.7537405951110003","0.07817729545834322","0.0",,,,,,,
"0.7364936127001085","0.39893444394873123","0.006317235",,,,,,,
"0.6912383916673941","0.4027622406303148","0.008758679",,,,,,,
"0.7696280692199429","0.5553096184230039","0.011520562",,,,,,,
"0.8061161164408119","0.19929155947225835","0.0",,,,,,,
"0.7872130272573142","0.5834116348238965","0.0108033875",,,,,,,
"0.6717851673910696","0.547761107028799","0.015091172",,,,,,,
"0.6934665665780625","0.1712026995345725","0.0",,,,,,,
"0.594976212004545","0.49924424342240353","0.017212177",,,,,,,
"0.7145253344980751","0.5882096599911791","0.013855192",,,,,,,
"0.7076318149681562","0.15283430073876336","0.0",,,,,,,
"0.6816744385957154","0.37300862740686924","0.007080186",,,,,,,
"0.6037805639381895","0.5371681884730226","0.017669948",,,,,,,
"0.7411285231433272","0.5201967726142908","0.011993592",,,,,,,
"0.7069131334761782","0.4469675403772055","0.010513466",,,,,,,
"0.7222200066810479","0.38523659056757725","0.0058747237",,,,,,,
"0.6484835236273198","0.3308701040826961","0.0063935304",,,,,,,
"0.7077627719555605","0.6587322307612767","0.013870451",,,,,,,
"0.6202048586892406","0.2274302031785828","0.0015869383",,,,,,,
"0.7530931025562874","0.2495902287589748","0.0",,,,,,,
"0.6935869404875723","0.28038670438276453","0.0",,,,,,,
"0.6189325893389185","0.5808216555375363","0.017517358",,,,,,,
"0.7808001699411712","0.06378905957280498","0.0",,,,,,,
"0.7935837588049165","0.5795592533706809","0.010620279",,,,,,,
"0.7150274350980901","0.08537098922657974","0.0",,,,,,,
"0.7210008160214986","0.5476642912539121","0.013229572",,,,,,,
"0.6943393731007145","0.3572753086345036","0.0052185855",,,,,,,
"0.6152325930700622","0.22010142213667952","0.0014648661",,,,,,,
"0.6569588537536325","0.27875305663225663","0.0018463416",,,,,,,
"0.790647839494634","0.622542870297022","0.0104676895",,,,,,,
"0.6273309340591526","0.6704531892446015","0.017151142",,,,,,,
"0.6779517943617981","0.572411380533228","0.015075914",,,,,,,
"0.875146023434123","0.7576783907506118","0.003921569",,,,,,,
"0.8263603375512856","0.13358794120714582","0.0",,,,,,,
"0.9234662686349477","0.7891958733354868","0.0007782101",,,,,,,
"0.6102476701459016","0.3042117939909798","0.007843138",,,,,,,
"0.705887380406888","0.5009303269990868","0.0127412835",,,,,,,
"0.7776168902724847","0.33393142434496104","0.0",,,,,,,
"0.7622056032388538","0.5535962546221036","0.011795224",,,,,,,
"0.7754615502478277","0.36800548501658814","0.002151522",,,,,,,
"0.7512261478729225","0.5512494173722072","0.012100404",,,,,,,
"0.8017575086712607","0.5928669053321308","0.010238804",,,,,,,
"0.6307203129864892","0.5820047056766816","0.017013809",,,,,,,
"0.7775922045314724","0.22186884117806638","0.0",,,,,,,
"0.6481500098717691","0.5609246845219047","0.016159303",,,,,,,
"0.9064642703044884","0.6085406267243526","0.0037079423",,,,,,,
"0.6083135347884508","0.5957203167756746","0.018173495",,,,,,,
"0.6856898974625704","0.07854227012238406","0.0",,,,,,,
"0.7853530616775485","0.5453572142882637","0.010711834",,,,,,,
"0.4317354390401586","0.12326456709725071","0.016250858",,,,,,,
"0.7189278439593509","0.5986241854211872","0.013717861",,,,,,,
"0.7586860987921717","0.61771172135591","0.011947814",,,,,,,
"0.8835108101616858","0.7509727178083243","0.0036011292",,,,,,,
"0.6821553897837023","0.2351108413881568","0.0",,,,,,,
"0.6006324595762206","0.20425840796278505","0.0022735943",,,,,,,
"0.6031792692637231","0.38396765050234855","0.012756542",,,,,,,
"0.6477339750194046","0.36991146108388934","0.009002823",,,,,,,
"0.6003307386463577","0.3996270517833686","0.013717861",,,,,,,
"0.7406996608326344","0.2388890678503761","0.0",,,,,,,
"0.47370444657037697","0.3992164311741725","0.022049287",,,,,,,
"0.7134214896415335","0.2858148586633714","0.0",,,,,,,
"0.7107323234900702","0.3923575195759188","0.00701915",,,,,,,
"0.6359334978893949","0.5439387515130706","0.016418708",,,,,,,
"0.6104294239946538","0.09516217667261977","0.0",,,,,,,
"0.6984271323706718","0.04953158586647574","0.0",,,,,,,
"0.7725451775711033","0.7532926248910855","0.00920119",,,,,,,
"0.7368022767581083","0.5917417131609786","0.012970169",,,,,,,
"0.6138864671686185","0.4332465796411242","0.014084077",,,,,,,
"0.7575922104519639","0.34063647654230883","0.0005035477",,,,,,,
"0.6513092904538212","0.42052330467058796","0.011642634",,,,,,,
"0.6599502129402319","0.38046913735773846","0.008987564",,,,,,,
"0.24292851430369092","0.22260228561034856","0.023468375",,,,,,,
"0.6851210929515865","0.3043630832340106","0.0015106432",,,,,,,
"0.7214610669510064","0.2593642396758524","0.0",,,,,,,
"0.7786860359078106","0.13646367212622212","0.0",,,,,,,
"0.6191408031164589","0.12869514098826318","0.0",,,,,,,
"0.6094659152299864","0.5699366864008047","0.017929351",,,,,,,
"0.790439539020859","0.45639940165581194","0.007583734",,,,,,,
"0.6903158488185084","0.23205166237969718","0.0",,,,,,,
"0.6022301421149501","0.3449353098427676","0.0108033875",,,,,,,
"0.728045756737995","0.509680846827367","0.012115664",,,,,,,
"0.7246232831302725","0.28784190757508166","0.0",,,,,,,
"0.8109747492975117","0.3871688499160121","0.0024414435",,,,,,,
"0.6109470845234016","0.5872806374837855","0.01794461",,,,,,,
"0.7555947200690334","0.5230238766932609","0.01139849",,,,,,,
"0.7542736955958816","0.46009769038764253","0.009277485",,,,,,,
"0.7945899323218657","0.7228116557874594","0.008834974",,,,,,,
"0.7141997107193547","0.37973671489927524","0.005966278",,,,,,,
"0.6647919519875827","0.5918378690297929","0.015808348",,,,,,,
"0.2772285968321711","0.7931875782368064","0.030319676",,,,,,,
"0.6358934792943398","0.6106201146966038","0.01699855",,,,,,,
"0.5990073614162151","0.2805663755415652","0.007537957",,,,,,,
"0.7688541281874406","0.48613373683776534","0.009887846",,,,,,,
"0.6481186733956463","0.2916661671552374","0.003494316",,,,,,,
"0.7683657450792584","0.39766217171968854","0.004730297",,,,,,,
"0.7898284888038413","0.5420236292233953","0.010498207",,,,,,,
"0.8190818006098798","0.4739917145223272","0.0073548486",,,,,,,
"0.743357956818812","0.47730387002837166","0.01045243",,,,,,,
"0.7614011653433919","0.5611642496528993","0.0118715195",,,,,,,
"0.6881616686207902","0.28594575106163966","0.0",,,,,,,
"0.8083365086165134","0.7339917528047861","0.0079957275",,,,,,,
"0.6922788047623658","0.3009724152098011","0.00086976425",,,,,,,
"0.5970522038350912","0.33156016261082893","0.010818646",,,,,,,
"0.7075874600967266","0.2597231531888454","0.0",,,,,,,
"0.7620176334535999","0.7899406248619881","0.008712902",,,,,,,
"0.8186082668932748","0.3817938561446282","0.0015106432",,,,,,,
"0.8104750115157021","0.4010461180954881","0.0033569848",,,,,,,
"0.6162363492069081","0.5739232306666866","0.01762417",,,,,,,
"0.6249482071642628","0.09773665414356779","0.0",,,,,,,
"0.5961116494387148","0.17799295886960081","0.0007629511",,,,,,,
"0.6061090252144371","0.07573301272154787","0.0",,,,,,,
"0.7768529423832504","0.7659082620312327","0.008697643",,,,,,,
"0.7538877092802021","0.4709056593584714","0.00982681",,,,,,,
"0.7291814429971804","0.44530406115483706","0.009582666",,,,,,,
"0.7053251704232179","0.23892973551062074","0.0",,,,,,,
"0.667355511956503","0.29600087531690206","0.002075227",,,,,,,
"0.6844173888353235","0.6182253908352531","0.014923324",,,,,,,
"0.7384445638253112","0.46711443691587784","0.010238804",,,,,,,
"0.5043704370482635","0.8094414361753369","0.021896696",,,,,,,
"0.6005745379991243","0.5211886619024252","0.017547876",,,,,,,
"0.7008915037395903","0.517205290622386","0.013321126",,,,,,,
"0.6105834707926842","0.2578310028931954","0.004745556",,,,,,,
"0.6017581446776596","0.28627755022373547","0.007782101",,,,,,,
"0.5220066777148693","0.8256522485699546","0.020187685",,,,,,,
"0.7677885968600134","0.7377220717615806","0.009765774",,,,,,,
"0.6625144463068355","0.25306508595654564","0.0",,,,,,,
"0.8088049267070445","0.10879433592848511","0.0",,,,,,,
"0.6824083148229944","0.21656793647007366","0.0",,,,,,,
"0.7200133371344812","0.6536667343231991","0.0132753495",,,,,,,
"0.6940675750852362","0.38998975897492727","0.007522698",,,,,,,
"0.718150051960759","0.3064942909279989","0.0",,,,,,,
"0.6849907585188457","0.3440967416948714","0.004776074",,,,,,,
"0.8366489607657823","0.6406945886657688","0.008041505",,,,,,,
"0.7957604078401784","0.27319251130061745","0.0",,,,,,,
"0.779918762534515","0.5407482363695707","0.010833906",,,,,,,
"0.7748963887491829","0.39077450610699216","0.004104677",,,,,,,
"0.6039593800467445","0.12600316601612324","0.0",,,,,,,
"0.727704633122549","0.6079878434443052","0.01326009",,,,,,,
"0.4671909653167748","0.3723336229045074","0.022079805",,,,,,,
"0.6759669830125095","0.5682947989691767","0.015182727",,,,,,,
"0.6805458221055474","0.6656537495915441","0.014755474",,,,,,,
"0.7281415105407072","0.5699222923996234","0.013153277",,,,,,,
"0.6397062573354947","0.6221393521488113","0.016830701",,,,,,,
"0.8048800264945909","0.28928219838933084","0.0",,,,,,,
"0.6283186078718265","0.056195451465131004","0.0",,,,,,,
"0.6671465303444546","0.10011596415899461","0.0",,,,,,,
"0.7442568348512251","0.726465324967486","0.011093309",,,,,,,
"0.8014793632741078","0.4587198697275207","0.0074769207",,,,,,,
"0.7091034639968027","0.27794353349810624","0.0",,,,,,,
"0.6216094250839247","0.3291646535641827","0.008606088",,,,,,,
"0.8147138910049974","0.49789634383502407","0.008346685",,,,,,,
"0.7639298341878001","0.422700650844823","0.006820783",,,,,,,
"0.6137107400411567","0.24640492705155606","0.003921569",,,,,,,
"0.6468466326764144","0.39709774063538994","0.010620279",,,,,,,
"0.6995018768006052","0.45505940384089993","0.011215381",,,,,,,
"0.7386611474121069","0.35428253924596376","0.0025329976",,,,,,,
"0.7853053639470357","0.4798346473156381","0.008972305",,,,,,,
"0.7777887838234023","0.7259762232871333","0.009689479",,,,,,,
"0.8250216627495202","0.6347286977684151","0.008743419",,,,,,,
"0.7752775131843064","0.5215784214953625","0.010635538",,,,,,,
"0.7367572458290884","0.29950396497094106","0.0",,,,,,,
"0.6109989228699146","0.6295260099819018","0.01808194",,,,,,,
"0.6650350464417066","0.38581394224677384","0.008773938",,,,,,,
"0.8230228758456258","0.4984099160683597","0.0079957275",,,,,,,
"0.7612256437745071","0.4403973306254212","0.007934691",,,,,,,
"0.769193295986721","0.20717023943962212","0.0",,,,,,,
"0.8372823265285849","0.6303465893397229","0.007888914",,,,,,,
"0.7227790751824356","0.4556542197775937","0.010284581",,,,,,,
"0.7609194304457064","0.19355097344374655","0.0",,,,,,,
"0.7394476092624948","0.5357066608315162","0.012314031",,,,,,,
"0.6075918555943045","0.23484209281901888","0.003555352",,,,,,,
"0.8339155123055212","0.2357762291063967","0.0",,,,,,,
"0.5765768206472214","0.5310822540233887","0.018860152",,,,,,,
"0.6490506252561015","0.39629556800913884","0.010620279",,,,,,,
"0.763479883612926","0.24175212623371364","0.0",,,,,,,
"0.6257365043971888","0.6167323791860713","0.017349508",,,,,,,
"0.8455806911885825","0.6502686235096573","0.0072022583",,,,,,,
"0.7919559455837221","0.5491197997397113","0.010421912",,,,,,,
"0.6733625498987225","0.05546039355000923","0.0",,,,,,,
"0.6084358054102438","0.5524403522361576","0.017730983",,,,,,,
"0.7871817638108054","0.6632438563654312","0.0102693215",,,,,,,
"0.8246907041448691","0.3006560938002357","0.0",,,,,,,
"0.772721014018282","0.6533746850950857","0.011093309",,,,,,,
"0.7667226060510346","0.11078033456821233","0.0",,,,,,,
"0.7478251525668992","0.5177009546933485","0.011596857",,,,,,,
"0.7907876448753923","0.5234782919347911","0.009979401",,,,,,,
"0.8333684337840981","0.06097390664617091","0.0",,,,,,,
"0.9111026365315034","0.6514583946545761","0.0030060273",,,,,,,
"0.7721465876357586","0.2595575656648548","0.0",,,,,,,
"0.7701638117167391","0.44485423964407034","0.0078583965",,,,,,,
"0.46183755090049405","0.37732891194841717","0.022369726",,,,,,,
"0.8125421748983124","0.48227100159318365","0.0079957275",,,,,,,
"0.7151100724223997","0.5866966744008096","0.013855192",,,,,,,
"0.6549601084430584","0.5538804177012706","0.01574731",,,,,,,
"0.6842912683365853","0.14292006414437225","0.0",,,,,,,
"0.7593791795957796","0.6701478548401902","0.011444267",,,,,,,
"0.5948346447942234","0.3001356466087647","0.0088654915",,,,,,,
"0.6237957286764066","0.5632872033247258","0.017196918",,,,,,,
"0.7773889151347205","0.5768192325634692","0.011322195",,,,,,,
"0.6734684837928335","0.34101195653093136","0.0052491035",,,,,,,
"0.6881806817361426","0.6083773420648744","0.014938583",,,,,,,
"0.7781837566490855","0.6347379425069067","0.011123827",,,,,,,
"0.8264239492549149","0.1020616096954673","0.0",,,,,,,
"0.684834693134752","0.15815665720626396","0.0",,,,,,,
"0.6413199911930367","0.5487326668824688","0.016311895",,,,,,,
"0.6799637042312964","0.40446750903527856","0.00935378",,,,,,,
"0.7080106836334918","0.6318074060176115","0.013931487",,,,,,,
"0.46485795993835877","0.4016948543996138","0.022507057",,,,,,,
"0.6520572159470015","0.5754055979120933","0.016159303",,,,,,,
"0.7340833923259834","0.04246811667151027","0.0",,,,,,,
"0.5927865733347292","0.5843072669018167","0.018844891",,,,,,,
"0.8362631684814815","0.5540568793936878","0.008346685",,,,,,,
"0.8377527213337848","0.6123548261575842","0.008056764",,,,,,,
"0.7312600907758923","0.18453200520298846","0.0",,,,,,,
"0.793458574095783","0.6561056271163479","0.010177768",,,,,,,
"0.6751326366024921","0.22781735401420253","0.0",,,,,,,
"0.7025973941582548","0.5369699294833506","0.01373312",,,,,,,
"0.7804149554483153","0.6571333904646952","0.010696574",,,,,,,
"0.6579296846796044","0.27550361109401394","0.0011444266",,,,,,,
"0.8054234294162211","0.6422906040740214","0.009704738",,,,,,,
"0.679614005663024","0.3294031580149176","0.0040589",,,,,,,
"0.7335756675922144","0.16936828495883474","0.0",,,,,,,
"0.8228235925247391","0.5986366939063238","0.009002823",,,,,,,
"0.7800107618745672","0.481307946371444","0.009277485",,,,,,,
"0.7934197877507239","0.48961507864996157","0.009094377",,,,,,,
"0.5969815905869945","0.54199026319106","0.0180972",,,,,,,
"0.7163325871969365","0.6505021586967162","0.013473717",,,,,,,
"0.7717734835799269","0.17654723730845814","0.0",,,,,,,
"0.7448391393607566","0.43188718637349605","0.008072022",,,,,,,
"0.7149573288394594","0.058039070781145216","0.0",,,,,,,
"0.6065880903323425","0.3286254793499971","0.009597925",,,,,,,
"0.6912187439789558","0.6060646514587448","0.014785992",,,,,,,
"0.5999567085501732","0.04858226440341772","0.0",,,,,,,
"0.7776631965124423","0.2535939613184232","0.0",,,,,,,
"0.7601303427019175","0.3889731261978902","0.0044403756",,,,,,,
"0.7273318571812066","0.17816515070552794","0.0",,,,,,,
"0.5994257559815308","0.5915674733964899","0.018524453",,,,,,,
"0.7965776414667489","0.10382964850583001","0.0",,,,,,,
"0.6752159203216841","0.2830359335924833","0.0004119936",,,,,,,
"0.43058682261580516","0.2091254137601449","0.020843824",,,,,,,
"0.7285803088046693","0.5358936607312265","0.0127412835",,,,,,,
"0.8119647701396016","0.4444981734246169","0.006179904",,,,,,,
"0.7220229600761396","0.42007114702103737","0.008316167",,,,,,,
"0.6063159509280346","0.20717373033380818","0.0015564202",,,,,,,
"0.8039238386920027","0.32113564369109926","0.0",,,,,,,
"0.7570048819880855","0.6404759053195025","0.011963073",,,,,,,
"0.7752336035425589","0.6089527647197801","0.011306935",,,,,,,
"0.8147100195649872","0.4072881989492031","0.0037842374",,,,,,,
"0.69146943364041","0.3950823577263706","0.008255131",,,,,,,
"0.6145858943861119","0.2038254761920577","0.0002746624",,,,,,,
"0.743066797124927","0.6205736857060394","0.012756542",,,,,,,
"0.938224092311764","0.6738412440734254","0.00080872816",,,,,,,
"0.5927854300450133","0.5683497920302178","0.018677043",,,,,,,
"0.8264834781305872","0.2604070541761735","0.0",,,,,,,
"0.6879372834423766","0.2519028182994818","0.0",,,,,,,
"0.7527180370259287","0.5734368529832528","0.012268254",,,,,,,
"0.7601041340045761","0.8283988903498576","0.0074464027",,,,,,,
"0.6161769546466312","0.5365585514805683","0.01713588",,,,,,,
"0.717287764778827","0.5145016616463383","0.012649729",,,,,,,
"0.7297569951110279","0.26293047447034607","0.0",,,,,,,
"0.3492330647160293","0.4672519860646721","0.027542535",,,,,,,
"0.9121326038945502","0.6432574821619977","0.00280766",,,,,,,
"0.7712043035277248","0.19754281136090557","0.0",,,,,,,
"0.9061272666308267","0.617886362365823","0.0036011292",,,,,,,
"0.610321360438063","0.06802312844666171","0.0",,,,,,,
"0.6893764501465101","0.669112847173928","0.014404517",,,,,,,
"0.6079719003837386","0.20687516857526128","0.0015564202",,,,,,,
"0.8280978351769877","0.11346081341784503","0.0",,,,,,,
"0.7099986687262887","0.5730756943463725","0.013916228",,,,,,,
"0.7423983617944009","0.7618073300160688","0.010376135",,,,,,,
"0.6292511192560241","0.9207322314180423","0.01075761",,,,,,,
"0.6244669456432657","0.6091704114853359","0.017502097",,,,,,,
"0.6890662429011858","0.65021406173935","0.014587625",,,,,,,
"0.706900946260819","0.45406980997450375","0.010910201",,,,,,,
"0.47466848054413274","0.3959110711127679","0.021972992",,,,,,,
"0.6589813218987034","0.5446800860633237","0.015472649",,,,,,,
"0.7742750485663391","0.35655465385299057","0.0012664988",,,,,,,
"0.7294684646454578","0.5117429137423128","0.012222476",,,,,,,
"0.6656134339018059","0.3938150734963192","0.0092622265",,,,,,,
"0.782430422812376","0.5559360179089621","0.011017014",,,,,,,
"0.7515935111914368","0.2732733915666731","0.0",,,,,,,
"0.6052639994597726","0.6508159357505798","0.018432898",,,,,,,
"0.8135008072060733","0.4523720817037567","0.0066071567",,,,,,,
"0.5997460141700532","0.5233777294857415","0.017547876",,,,,,,
"0.6151840015685354","0.23320842604973882","0.0023498894",,,,,,,
"0.6025761719943995","0.4971401935213201","0.016830701",,,,,,,
"0.6256874374787783","0.11938801864946495","0.0",,,,,,,
"0.7480731281357271","0.23434662821711558","0.0",,,,,,,
"0.6127783185191938","0.048984478595298385","0.0",,,,,,,
"0.7037891865695629","0.5503208882664846","0.013931487",,,,,,,
"0.7291525624963455","0.4354608233647149","0.008926528",,,,,,,
"0.7253601961361656","0.3341240419381954","0.00140383",,,,,,,
"0.6567380141836312","0.16643860830081955","0.0",,,,,,,
"0.4775217851069817","0.5011222107580823","0.023682002",,,,,,,
"0.774564774663199","0.6185049762953118","0.011245899",,,,,,,
"0.7560833243772056","0.10839208642940695","0.0",,,,,,,
"0.6137872634274429","0.18755975169657413","0.0",,,,,,,
"0.7416270772351798","0.28306872590827054","0.0",,,,,,,
"0.5952011821304689","0.6264581230974985","0.018860152",,,,,,,
"0.7591398955703671","0.5483567397236009","0.011734188",,,,,,,
"0.7505791327806025","0.6708906837521468","0.011947814",,,,,,,
"0.7605244020327911","0.5390015844625213","0.011566339",,,,,,,
"0.74165195449689","0.5253671260662565","0.012069887",,,,,,,
"0.8033296968401531","0.4047905110981665","0.003952087",,,,,,,
"0.6411672079772444","0.042923073339782854","0.0",,,,,,,
"0.7947237691349769","0.4783151870422711","0.008499275",,,,,,,
"0.777472631746033","0.2936053323408824","0.0",,,,,,,
"0.7787494082261225","0.3268431393578751","0.0",,,,,,,
"0.2360186651195455","0.24714538477645306","0.023178454",,,,,,,
"0.7185545090716117","0.19797792468641684","0.0",,,,,,,
"0.6543693529794417","0.39129336851898744","0.0099336235",,,,,,,
"0.7374040067165718","0.39827585652480335","0.006317235",,,,,,,
"0.4464288575346997","0.4119664337203879","0.023743039",,,,,,,
"0.6308383737718163","0.4986182338929319","0.015579461",,,,,,,
"0.5294098790608825","0.49865585919844374","0.020828566",,,,,,,
"0.39530479222206766","0.5794288212228002","0.02932784",,,,,,,
"0.6304136513217506","0.4718623585350308","0.015060655",,,,,,,
"0.2943549289180248","0.6563461061515599","0.032867935",,,,,,,
"0.5079073905969664","0.604924559388372","0.023605706",,,,,,,
"0.6062496849807233","0.7377114701657992","0.017502097",,,,,,,
"0.4614636845481661","0.6856789821319055","0.02731365",,,,,,,
"0.4841620300342022","0.44756114130906294","0.022415504",,,,,,,
"0.5927915157296689","0.37454345879868517","0.013046464",,,,,,,
"0.5253224781043734","0.6876866607515129","0.02293431",,,,,,,
"0.4861889218683146","0.3549815011713724","0.02044709",,,,,,,
"0.21222559738443167","0.6817200234048224","0.030380713",,,,,,,
"0.8762909675668351","0.728123818370722","0.0042267493",,,,,,,
"0.8815330178200835","0.7405937185653434","0.0037384604",,,,,,,
"0.4326851148830977","0.5349030955745724","0.026794843",,,,,,,
"0.6207929201496882","0.5057152274315755","0.016128786",,,,,,,
"0.5458583555967984","0.5867064185839516","0.021316854",,,,,,,
"0.5240130920416833","0.5618195455776804","0.022110322",,,,,,,
"0.5369628329116489","0.5295070746649716","0.020920118",,,,,,,
"0.08386362778252208","0.6944601125074998","0.015213245",,,,,,,
"0.2618671202189435","0.49356251428044234","0.026916916",,,,,,,
"0.5142340021508871","0.6093564684196143","0.02340734",,,,,,,
"0.6262714048106831","0.3514404554564249","0.009185932",,,,,,,
"0.4765185405068708","0.6967316162002429","0.026276035",,,,,,,
"0.3418599274058982","0.11688307236902815","0.020737011",,,,,,,
"0.4702698827147067","0.5286988906085657","0.024628062",,,,,,,
"0.4071675413064193","0.548313927622494","0.028107118",,,,,,,
"0.7736642844916147","0.8245451216360835","0.0067750057",,,,,,,
"0.2994483592554078","0.2157033094069534","0.024765393",,,,,,,
"0.5367101452225365","0.22552557411392943","0.011474784",,,,,,,
"0.4892238308610802","0.6332127742753554","0.025085833",,,,,,,
"0.6183916588563253","0.8954343833296703","0.011886778",,,,,,,
"0.5312272103639486","0.45810412218678853","0.019821469",,,,,,,
"0.4790421942701379","0.6556791036486044","0.026001373",,,,,,,
"0.5044989717808591","0.4764756118842494","0.021911956",,,,,,,
"0.6333185476433236","0.27388275411564145","0.0038147555",,,,,,,
"0.4081122581593157","0.4741600912053284","0.026443886",,,,,,,
"0.5021817768904806","0.4906950524230398","0.02214084",,,,,,,
"0.45614974126094976","0.5732451121638196","0.026184482",,,,,,,
"0.14076092044823937","0.5005373509782379","0.018066682",,,,,,,
"0.6335739271126029","0.33129776132186406","0.00764477",,,,,,,
"0.5832446069677601","0.5827596933564186","0.019226369",,,,,,,
"0.7439725753768821","0.6871733896390441","0.01185626",,,,,,,
"0.33746915912000547","0.5151300175426569","0.02888533",,,,,,,
"0.5061380414554939","0.3024997829786124","0.017669948",,,,,,,
"0.5333662765095317","0.4458199331789346","0.019409476",,,,,,,
"0.26058456893902965","0.9146401545461399","0.021255817",,,,,,,
"0.06614161703981562","0.7426683099745259","0.010437171",,,,,,,
"0.6445153356763575","0.32616350518764453","0.006698711",,,,,,,
"0.5026840052831438","0.5136824011540846","0.022598611",,,,,,,
"0.5353430078545516","0.3036274939867468","0.015167468",,,,,,,
"0.6232614079829469","0.4867399147922817","0.015594721",,,,,,,
"0.49601520383397907","0.7360435316853015","0.02450599",,,,,,,
"0.5373927363457959","0.611178091816437","0.022034029",,,,,,,
"0.5143356400150088","0.8184793653928121","0.020981155",,,,,,,
"0.29568902687148474","0.3396743273003305","0.025360495",,,,,,,
"0.4559385317686364","0.43536158051595775","0.02369726",,,,,,,
"0.49972758579877574","0.5802436828827805","0.023758298",,,,,,,
"0.5169449092086896","0.8543417155875509","0.0193637",,,,,,,
"0.6441024196782666","0.4694330867247603","0.01420615",,,,,,,
"0.6325542458068816","0.22404325848556475","0.0",,,,,,,
"0.6297387021221498","0.6859019248541117","0.016815443",,,,,,,
"0.3451854738669276","0.684855939135454","0.032532234",,,,,,,
"0.52620647484197","0.783222015757677","0.021454185",,,,,,,
"0.4351413440011109","0.35925285951749764","0.023620967",,,,,,,
"0.5541969702670587","0.5626722538537768","0.020584421",,,,,,,
"0.5340064959810906","0.7393013469145395","0.021881437",,,,,,,
"0.45840055078948105","0.42512622167008285","0.023315785",,,,,,,
"0.34004841581293316","0.4856510284200514","0.0280766",,,,,,,
"0.525116052033446","0.4236968475786329","0.019577324",,,,,,,
"0.414014649175969","0.6500726313990925","0.029831387",,,,,,,
"0.5906734205647218","0.4683515232120715","0.016891737",,,,,,,
"0.5419429243784872","0.5841922559618207","0.02154574",,,,,,,
"0.4346608995704453","0.276546747890983","0.022430763",,,,,,,
"0.532253761644126","0.18001497718210477","0.009735256",,,,,,,
"0.33736977002154234","0.6753074818437351","0.03276112",,,,,,,
"0.36312745816109315","0.8200153934111626","0.028580148",,,,,,,
"0.4522063461138888","0.917527127939669","0.019623103",,,,,,,
"0.5368912735867575","0.5301960643230099","0.020996414",,,,,,,
"0.644972691258013","0.5762890843838177","0.016281376",,,,,,,
"0.2937106237852752","0.4828808758488476","0.027527276",,,,,,,
"0.46559633797544814","0.3187545059746422","0.021164263",,,,,,,
